"";"x";"predicted";"conf.low";"conf.high";"group"
"1";0;0,00778305242515287;0,0113638071350896;0,00418932853162235;"Dynamic non-REW"
"2";0;0,00785028941161925;0,0115316951091893;0,00415517285671263;"Static non-REW"
"3";0;0,0308807193560197;0,0438016279688572;0,0177852132074985;"Dynamic REW"
"4";0;0,0325525674100179;0,0457805287082453;0,0191412321969084;"Static REW"
"5";0,04;0,0116909409752278;0,0163139369622439;0,00704621845095654;"Dynamic non-REW"
"6";0,04;0,0117917366717517;0,0165753005170752;0,0069849046666246;"Static non-REW"
"7";0,04;0,046113150549597;0,0620816306337794;0,02987279994392;"Dynamic REW"
"8";0,04;0,0485887602931157;0,0647184936096764;0,0321808558643435;"Static REW"
"9";0,08;0,0208645700861662;0,0277111499594894;0,0139697785564408;"Dynamic non-REW"
"10";0,08;0,0210436116459006;0,0282039470615836;0,0138305178318788;"Static non-REW"
"11";0,08;0,0811641216318885;0,102838807603495;0,0589657928456468;"Dynamic REW"
"12";0,08;0,0854353765440988;0,106720077581718;0,0636435125367416;"Static REW"
"13";0,12;0,0254774333580217;0,0333844089136006;0,0175057782514267;"Dynamic non-REW"
"14";0,12;0,0256955364152345;0,0339972204735119;0,017322508920205;"Static non-REW"
"15";0,12;0,0984191672934752;0,122513375106114;0,0736633757784192;"Dynamic REW"
"16";0,12;0,103546169135391;0,126909246505712;0,079557918056578;"Static REW"
"17";0,16;0,0320926659067913;0,0414830718444984;0,0226102639687166;"Dynamic non-REW"
"18";0,16;0,0323664528831193;0,0422700909491256;0,0223604038492446;"Static non-REW"
"19";0,16;0,122738259088685;0,149951433628624;0,0946538909512997;"Dynamic REW"
"20";0,16;0,129038881940734;0,154989769640282;0,102291023331013;"Static REW"
"21";0,2;0,03877173134956;0,0496263109895392;0,0277931774239677;"Dynamic non-REW"
"22";0,2;0,0391013383902679;0,0505893445188473;0,0274743257274259;"Static non-REW"
"23";0,2;0,146788916504028;0,176841485887409;0,115639162421639;"Dynamic REW"
"24";0,2;0,154211975944145;0,182434243574995;0,125015479165403;"Static REW"
"25";0,24;0,0496130164568864;0,0627877437604257;0,0362530873078025;"Dynamic non-REW"
"26";0,24;0,0500323638715796;0,0640342009745736;0,0358210624457835;"Static non-REW"
"27";0,24;0,184769049502532;0,21891682348092;0,149128386542877;"Dynamic REW"
"28";0,24;0,193884720578801;0,225250112205105;0,16124951554901;"Static REW"
"29";0,28;0,0558075387254877;0,070280099372686;0,0411096897828087;"Dynamic non-REW"
"30";0,28;0,0562776775318484;0,071686758805803;0,0406128207554332;"Static non-REW"
"31";0,28;0,205892000088267;0,242145285977773;0,167904475810494;"Dynamic REW"
"32";0,28;0,215905336250896;0,248829248912903;0,181538364173428;"Static REW"
"33";0,32;0,0571963162817642;0,0719570062708816;0,0422008548753451;"Dynamic non-REW"
"34";0,32;0,0576777935536623;0,0733993597881988;0,0416894806386893;"Static non-REW"
"35";0,32;0,210570689840788;0,247276530868182;0,172074923534351;"Dynamic REW"
"36";0,32;0,220778526521762;0,254032754591446;0,186041869174764;"Static REW"
"37";0,36;0,0683822334164486;0,0854354511586688;0,0510110367675104;"Dynamic non-REW"
"38";0,36;0,0689543819190144;0,0871640602333618;0,0503814484238984;"Static non-REW"
"39";0,36;0,247504580421878;0,287569221411617;0,205186842702072;"Dynamic REW"
"40";0,36;0,259191281443755;0,294835541041755;0,22174529570067;"Static REW"
"41";0,4;0,0711941674346507;0,0888167463630766;0,0532307621281619;"Dynamic non-REW"
"42";0,4;0,0717889248693629;0,090617072349941;0,0525709535568525;"Static non-REW"
"43";0,4;0,256581330874592;0,297412208881279;0,213377567059369;"Dynamic REW"
"44";0,4;0,268615788008103;0,30478854112774;0,230560919667901;"Static REW"
"45";0,44;0,075432575010503;0,0939070911192349;0,05658137816395;"Dynamic non-REW"
"46";0,44;0,0760612700140638;0,0958152177119821;0,0558757529541125;"Static non-REW"
"47";0,44;0,270106990941439;0,312043527408217;0,225614081853871;"Dynamic REW"
"48";0,44;0,282647884431847;0,319571870342331;0,243720188392266;"Static REW"
"49";0,48;0,0782713768470824;0,0973128560689991;0,05882823251517;"Dynamic non-REW"
"50";0,48;0,078922707627612;0,0992928311544269;0,0580918994889165;"Static non-REW"
"51";0,48;0,279062303716306;0,321705706539318;0,233737970474364;"Dynamic REW"
"52";0,48;0,291930651304321;0,329328189697638;0,252447777197776;"Static REW"
"53";0,52;0,0847131446073662;0,105028573672935;0,0639365648882932;"Dynamic non-REW"
"54";0,52;0,0854155562901608;0,107170359776449;0,0631306724241391;"Static non-REW"
"55";0,52;0,299077401807917;0,343237309878866;0,251948236332174;"Dynamic REW"
"56";0,52;0,312654557905077;0,35105117755922;0,271986109795617;"Static REW"
"57";0,56;0,0897735818212698;0,111077672029104;0,0679589135288248;"Dynamic non-REW"
"58";0,56;0,0905158431365405;0,1133451262492;0,0670987595359263;"Static non-REW"
"59";0,56;0,314505612357837;0,359774888170559;0,266035419719542;"Dynamic REW"
"60";0,56;0,32860696724294;0,367718110586188;0,287076520802091;"Static REW"
"61";0,6;0,0941436556992862;0,116293799502205;0,0714383173416459;"Dynamic non-REW"
"62";0,6;0,0949201323789047;0,118668578481594;0,0705317582326642;"Static non-REW"
"63";0,6;0,327622617460409;0,373791612218644;0,278049682227123;"Dynamic REW"
"64";0,6;0,342154125298353;0,381833934331091;0,299927286701365;"Static REW"
"65";0,64;0,0963402281780895;0,118912872587057;0,0731892933143409;"Dynamic non-REW"
"66";0,64;0,0971338333217424;0,121341145450621;0,072259602561735;"Static non-REW"
"67";0,64;0,334144112032132;0,380745835833565;0,284035394193463;"Dynamic REW"
"68";0,64;0,348884087834725;0,388833616599188;0,306323216411621;"Static REW"
"69";0,68;0,100007169193172;0,123282327018703;0,076114100963302;"Dynamic non-REW"
"70";0,68;0,100829264421363;0,125799177875038;0,0751461320343444;"Static non-REW"
"71";0,68;0,344925073997904;0,392215848368237;0,293954675315977;"Dynamic REW"
"72";0,68;0,360001706266725;0,400373298531136;0,316911980440263;"Static REW"
"73";0,72;0,100740563609249;0,124155942196654;0,0766991832244847;"Dynamic non-REW"
"74";0,72;0,101568341249114;0,126690435425848;0,0757235713552853;"Static non-REW"
"75";0,72;0,347065457136479;0,394488562768989;0,295928216956623;"Dynamic REW"
"76";0,72;0,362207734252359;0,402659166226245;0,319016964439469;"Static REW"
"77";0,76;0,105159801376798;0,129415656255617;0,0802281400696541;"Dynamic non-REW"
"78";0,76;0,106021708894924;0,132055905471618;0,0792066101890878;"Static non-REW"
"79";0,76;0,359851886285377;0,408044170177391;0,307736174141252;"Dynamic REW"
"80";0,76;0,375377984904654;0,416287763545966;0,331601022942589;"Static REW"
"81";0,8;0,109625019007892;0,134720511818309;0,0838016876574428;"Dynamic non-REW"
"82";0,8;0,110521217772104;0,137466689196929;0,082733971981915;"Static non-REW"
"83";0,8;0,372579451173736;0,42150739729152;0,319513260417911;"Dynamic REW"
"84";0,8;0,388473231291437;0,429813611152123;0,344135538551222;"Static REW"
"85";0,84;0,115648634038407;0,141861140832553;0,0886354462063452;"Dynamic non-REW"
"86";0,84;0,116590781718322;0,144748031704924;0,0875065175228096;"Static non-REW"
"87";0,84;0,389446825608887;0,439305004681231;0,335155152317469;"Dynamic REW"
"88";0,84;0,405805314328312;0,44767655450613;0,360759845773387;"Static REW"
"89";0,88;0,11792809228326;0,144558518103138;0,0904686447309123;"Dynamic non-REW"
"90";0,88;0,118887534582795;0,147498131977882;0,0893167442379807;"Static non-REW"
"91";0,88;0,395740121118631;0,445932154160529;0,341001279956039;"Dynamic REW"
"92";0,88;0,412265284682856;0,454322833123323;0,366966190712919;"Static REW"
"93";0,92;0,120222050447925;0,147270181688857;0,0923159670304445;"Dynamic non-REW"
"94";0,92;0,12119884541141;0,150262655701083;0,0911409572761286;"Static non-REW"
"95";0,92;0,402024147155612;0,45254290726155;0,346843569426898;"Dynamic REW"
"96";0,92;0,418712045876703;0,460950410623087;0,373164005190281;"Static REW"
"97";0,96;0,121761581159476;0,149087945670392;0,0935576521651525;"Dynamic non-REW"
"98";0,96;0,122749992612834;0,152115705979712;0,0923672240562;"Static non-REW"
"99";0,96;0,406213903197479;0,456948509535599;0,350739414315103;"Dynamic REW"
"100";0,96;0,423008233347136;0,46536531690634;0,377295358283235;"Static REW"
"101";1;0,124082803562649;0,151826409389366;0,0954317093717699;"Dynamic non-REW"
"102";1;0,125088685143579;0,154907232267199;0,0942180100329352;"Static non-REW"
"103";1;0,41248927260684;0,463540797451125;0,356579487942342;"Dynamic REW"
"104";1;0,429439890389542;0,471970126935864;0,383484050268579;"Static REW"
"105";1,04;0,126412479584062;0,154572566242133;0,097314417117629;"Dynamic non-REW"
"106";1,04;0,127435840870729;0,157706530826928;0,0960772703788741;"Static non-REW"
"107";1,04;0,418737291300647;0,470095015691868;0,362402040875983;"Dynamic REW"
"108";1,04;0,435839759861965;0,478534473565167;0,389649439094071;"Static REW"
"109";1,08;0,13032268840319;0,159175732212022;0,100479546937895;"Dynamic non-REW"
"110";1,08;0,131375266133376;0,162398296797044;0,0992032067274338;"Static non-REW"
"111";1,08;0,429111867614476;0,480960889312859;0,372083426878633;"Dynamic REW"
"112";1,08;0,446458097657637;0,489411999216185;0,399890641420427;"Static REW"
"113";1,12;0,132682741892448;0,161950602312142;0,102392736888068;"Dynamic non-REW"
"114";1,12;0,133752879262919;0,16522635328762;0,10109276072556;"Static non-REW"
"115";1,12;0,435305898850982;0,487436937979165;0,377872789710439;"Dynamic REW"
"116";1,12;0,452792614294188;0,495891835770392;0,406008582644966;"Static REW"
"117";1,16;0,135841977158906;0,165661817305644;0,104956354713309;"Dynamic non-REW"
"118";1,16;0,136935532510578;0,169008108507492;0,103625098308778;"Static non-REW"
"119";1,16;0,443518251278806;0,496008162997815;0,38556160254148;"Dynamic REW"
"120";1,16;0,46118532715844;0,504464706526762;0,414125985589284;"Static REW"
"121";1,2;0,142215275974042;0,173135618752851;0,110138676354036;"Dynamic non-REW"
"122";1,2;0,143355766196878;0,176623107401698;0,108744306641412;"Static non-REW"
"123";1,2;0,459812218205533;0,51296569674628;0,400857726754388;"Dynamic REW"
"124";1,2;0,4778168751607;0,521415231869899;0,430246773351528;"Static REW"
"125";1,24;0,144625651254189;0,175957474346257;0,112102526611883;"Dynamic non-REW"
"126";1,24;0,14578378454336;0,179497965503305;0,110684298063122;"Static non-REW"
"127";1,24;0,465880234318511;0,519264670833846;0,406567591804664;"Dynamic REW"
"128";1,24;0,484003599827399;0,527708082612459;0,436254834798266;"Static REW"
"129";1,28;0,14624011075856;0,177845964101648;0,113419241832105;"Dynamic non-REW"
"130";1,28;0,147410028128106;0,181421746151542;0,111985131880758;"Static non-REW"
"131";1,28;0,469915845715415;0,523449456498357;0,410368502449028;"Dynamic REW"
"132";1,28;0,488116020932299;0,531887767211508;0,440251312243374;"Static REW"
"133";1,36;0,151131069940776;0,183557700987422;0,117416550696388;"Dynamic non-REW"
"134";1,36;0,152336523849198;0,187239736521183;0,1159344260698;"Static non-REW"
"135";1,36;0,482001962852738;0,535965167064351;0,4217633086057;"Dynamic REW"
"136";1,36;0,500421815880532;0,544383228908763;0,452218667345485;"Static REW"
"137";1,4;0,151954846756494;0,184518058244877;0,118091345601174;"Dynamic non-REW"
"138";1,4;0,15316626184472;0,188217843016303;0,116601204019261;"Static non-REW"
"139";1,4;0,484017065613724;0,538050207666232;0,42366379854218;"Dynamic REW"
"140";1,4;0,502472018312557;0,546463996726425;0,454212916338933;"Static REW"
"141";1,44;0,155272151747545;0,188381553272121;0,120812075563299;"Dynamic non-REW"
"142";1,44;0,156507501363836;0,192152356361451;0,119289879894962;"Static non-REW"
"143";1,44;0,492072255881364;0,546376932361072;0,431266591912383;"Dynamic REW"
"144";1,44;0,510663098277629;0,554772632553972;0,46218354733938;"Static REW"
"145";1,48;0,158620820780828;0,192275550246394;0,123563829918141;"Dynamic non-REW"
"146";1,48;0,159880215798378;0,196117214740313;0,12200974476773;"Static non-REW"
"147";1,48;0,500107461722275;0,554669591265841;0,438860349698419;"Dynamic REW"
"148";1,48;0,518826735807103;0,56304458020186;0,470134252411823;"Static REW"
"149";1,52;0,162000940284534;0,196199449987291;0,126347420298604;"Dynamic non-REW"
"150";1,52;0,163284488470247;0,200111943665739;0,124761469194962;"Static non-REW"
"151";1,52;0,508120953325955;0,562927484819857;0,446441978953428;"Dynamic REW"
"152";1,52;0,526961121260986;0,571278053205052;0,478063153819165;"Static REW"
"153";1,56;0,166267971939011;0,201144216563744;0,129869109009016;"Dynamic non-REW"
"154";1,56;0,167581840739053;0,205145439336042;0,128243044502917;"Static non-REW"
"155";1,56;0,518098908703801;0,573189212429954;0,455897862576035;"Dynamic REW"
"156";1,56;0,537079402000398;0,581505396117727;0,487937292227087;"Static REW"
"157";1,64;0,167984768623775;0,203131451968856;0,131287905699878;"Dynamic non-REW"
"158";1,64;0,169310782856266;0,207168063215415;0,129645838590434;"Static non-REW"
"159";1,64;0,522070253452248;0,57726577554994;0,459667967663729;"Dynamic REW"
"160";1,64;0,541103403813157;0,585567101643387;0,491869282513706;"Static REW"
"161";1,68;0,169704443314732;0,205121254713249;0,132709591822583;"Dynamic non-REW"
"162";1,68;0,171042592321103;0,209193010200606;0,1310517071681;"Static non-REW"
"163";1,68;0,526023567689277;0,581318149831984;0,463426326467584;"Dynamic REW"
"164";1,68;0,545107308438722;0,589604177011071;0,495785899259881;"Static REW"
"165";1,72;0,173169641308055;0,209125815586159;0,135578761416598;"Dynamic non-REW"
"166";1,72;0,17453214769707;0,213267894939008;0,133889197094878;"Static non-REW"
"167";1,72;0,533914978959007;0,589396633850225;0,47093651745772;"Dynamic REW"
"168";1,72;0,553094195411963;0,597650523004546;0,503603683877195;"Static REW"
"169";1,76;0,177548082439995;0,214175885541669;0,13921303221346;"Dynamic non-REW"
"170";1,76;0,178941184081504;0,21840585770303;0,137483838842101;"Static non-REW"
"171";1,76;0,543744578138129;0,599440083596758;0,480304939526722;"Dynamic REW"
"172";1,76;0,563032300061317;0,607649488269505;0,513341348919;"Static REW"
"173";1,8;0,179318615710725;0,216214208722996;0,140686215526293;"Dynamic non-REW"
"174";1,8;0,180724031572665;0,220479349902255;0,13894120398429;"Static non-REW"
"175";1,8;0,547674895630088;0,603451607691309;0,484052882292399;"Dynamic REW"
"176";1,8;0,567002719855701;0,61164170913797;0,517232800164506;"Static REW"
"177";1,84;0,181094929328593;0,21825763860757;0,142165567723786;"Dynamic non-REW"
"178";1,84;0,182512666091361;0,222557832207846;0,140404818793263;"Static non-REW"
"179";1,84;0,55159244179304;0,607445944288139;0,487791973279942;"Dynamic REW"
"180";1,84;0,570958348694583;0,61561570705019;0,52111274593909;"Static REW"
"181";1,88;0,182878550074484;0,220307571628553;0,143652753787818;"Dynamic non-REW"
"182";1,88;0,184308624564708;0,224642880809845;0,141876171003027;"Static non-REW"
"183";1,88;0,555500412767113;0,611427034028483;0,491524371603634;"Dynamic REW"
"184";1,88;0,574902414415817;0,619575286654125;0,524983653979374;"Static REW"
"185";1,92;0,185570211190865;0,223397181850625;0,145900754673658;"Dynamic non-REW"
"186";1,92;0,187018840145122;0,22778498137709;0,144100606256489;"Static non-REW"
"187";1,92;0,561349440883843;0,617380164597913;0,497113596291439;"Dynamic REW"
"188";1,92;0,580801894933641;0,625493704707003;0,530776775985181;"Static REW"
"189";1,96;0,187370129810156;0,225461633305806;0,147405300600828;"Dynamic non-REW"
"190";1,96;0,188831122840693;0,229884120863213;0,145589689684844;"Static non-REW"
"191";1,96;0,565228321520808;0,621321890488931;0,500825615054232;"Dynamic REW"
"192";1,96;0,58471185019643;0,629411244426268;0,534620938241178;"Static REW"
"193";2;0,190993364569354;0,229612089191727;0,150438724454883;"Dynamic non-REW"
"194";2;0,192479140821125;0,23410354205917;0,148592565942685;"Static non-REW"
"195";2;0,572958343051451;0,629165597659703;0,508231772407094;"Dynamic REW"
"196";2;0,592498057861888;0,637204168300958;0,542282963757735;"Static REW"
"197";2,04;0,19466021849845;0,233803676939841;0,153516997995249;"Dynamic non-REW"
"198";2,04;0,196170932060016;0,238363919215645;0,151640544917662;"Static non-REW"
"199";2,04;0,580675887375375;0,636984664172887;0,515632828492485;"Dynamic REW"
"200";2,04;0,600263961915961;0,644969526640577;0,549929056423959;"Static REW"
"201";2,12;0,195585133305666;0,234859287076794;0,154295063862575;"Dynamic non-REW"
"202";2,12;0,197102113971705;0,239436736049233;0,152411053828608;"Static non-REW"
"203";2,12;0,582605881603205;0,638938725962318;0,517483976822018;"Dynamic REW"
"204";2,12;0,602204826042211;0,64690958087409;0,55184000513002;"Static REW"
"205";2,2;0,198377221118512;0,238042710603358;0,156646850730278;"Dynamic non-REW"
"206";2,2;0,199913064244716;0,242671870906277;0,154740091943607;"Static non-REW"
"207";2,2;0,588391609956286;0,644791055918416;0,523037160023014;"Dynamic REW"
"208";2,2;0,608020171694769;0,652719535191234;0,557567437941532;"Static REW"
"209";2,24;0,200251407754862;0,240177019807615;0,158227866922192;"Dynamic non-REW"
"210";2,24;0,201799864680814;0,244840742155526;0,15630583958916;"Static non-REW"
"211";2,24;0,592241352833862;0,648680075108273;0,526735882145025;"Dynamic REW"
"212";2,24;0,6118871331084;0,656579827981843;0,5613781317457;"Static REW"
"213";2,28;0,203085186387107;0,243399330874014;0,160622973160598;"Dynamic non-REW"
"214";2,28;0,204652642578612;0,248114962220299;0,158678006380907;"Static non-REW"
"215";2,28;0,598010756656841;0,654502854910319;0,532281658299493;"Dynamic REW"
"216";2,28;0,61767857415581;0,662357942793371;0,567086891162725;"Static REW"
"217";2,32;0,204985586681647;0,245557735499522;0,162231562142918;"Dynamic non-REW"
"218";2,32;0,206565734972929;0,250308070776356;0,160271161554351;"Static non-REW"
"219";2,32;0,601845371543713;0,658367530914212;0,535971775208064;"Dynamic REW"
"220";2,32;0,621525309735993;0,666192078064103;0,570881690465262;"Static REW"
"221";2,36;0,20689325754778;0,247722672771401;0,163847849515172;"Dynamic non-REW"
"222";2,36;0,208486106606562;0,252507819436077;0,16187184331186;"Static non-REW"
"223";2,36;0,605666966230849;0,662213865636112;0,539653864672644;"Dynamic REW"
"224";2,36;0,625356955589248;0,670007460412936;0,574664897270123;"Static REW"
"225";2,4;0,208808017894782;0,249893756707667;0,165471880623152;"Dynamic non-REW"
"226";2,4;0,210413574636054;0,254713811157997;0,163480106765829;"Static non-REW"
"227";2,4;0,609474999383876;0,666041716463279;0,543326865586029;"Dynamic REW"
"228";2,4;0,629172971643778;0,673803597079787;0,578435924711463;"Static REW"
"229";2,44;0,210732088205696;0,252073383794513;0,167105671745487;"Dynamic non-REW"
"230";2,44;0,21235037366484;0,256928438385956;0,165097998746785;"Static non-REW"
"231";2,44;0,613273665722783;0,669855513629958;0,546994531794595;"Dynamic REW"
"232";2,44;0,632977561115857;0,677585285305022;0,582198130219016;"Static REW"
"233";2,48;0,211699645868659;0,253168314009388;0,16792838335543;"Dynamic non-REW"
"234";2,48;0,213324316753444;0,258040874371629;0,165912771694371;"Static non-REW"
"235";2,48;0,615173383405089;0,671761962519944;0,54882887438393;"Dynamic REW"
"236";2,48;0,634879470748048;0,679475337319803;0,584078804524823;"Static REW"
"237";2,52;0,215600619712353;0,257575345463661;0,171252754018652;"Dynamic non-REW"
"238";2,52;0,217250929894859;0,262517720160348;0,169205656190575;"Static non-REW"
"239";2,52;0,622761626370254;0,679371030270628;0,556157415660437;"Dynamic REW"
"240";2,52;0,642471290643122;0,687015263206752;0,591587822064195;"Static REW"
"241";2,56;0,216582746783522;0,258683171218852;0,172091380083265;"Dynamic non-REW"
"242";2,56;0,218239485378795;0,263642916148385;0,170036500465086;"Static non-REW"
"243";2,56;0,624654240463328;0,681266900374226;0,557986166583973;"Dynamic REW"
"244";2,56;0,644363494022384;0,688893050633572;0,593460304755202;"Static REW"
"245";2,6;0,217568873769277;0,259794787137396;0,172934131432125;"Dynamic non-REW"
"246";2,6;0,219232056144173;0,264771910644769;0,17087147379332;"Static non-REW"
"247";2,6;0,626547379979297;0,683162518194988;0,559815781245989;"Dynamic REW"
"248";2,6;0,646255697377897;0,690770542287284;0,59533275851794;"Static REW"
"249";2,64;0,21954866044187;0,262024530782284;0,174627993985011;"Dynamic non-REW"
"250";2,64;0,221224746827637;0,267036452625083;0,172549716659438;"Static non-REW"
"251";2,64;0,63032646419216;0,686943724813601;0,563469785119937;"Dynamic REW"
"252";2,64;0,650031331550631;0,694514642249946;0,599070574778792;"Static REW"
"253";2,68;0,224538306617482;0,267634571270783;0,178906029265861;"Dynamic non-REW"
"254";2,68;0,226246720184927;0,272733919962314;0,176788036101507;"Static non-REW"
"255";2,68;0,639723492220234;0,696324272884928;0,5725731414523;"Dynamic REW"
"256";2,68;0,659410528839078;0,703800259888953;0,608368367162688;"Static REW"
"257";2,72;0,225548455080824;0,268767814368186;0,179774622598882;"Dynamic non-REW"
"258";2,72;0,227263379197821;0,273884656746429;0,177648715625272;"Static non-REW"
"259";2,72;0,641603862858125;0,6981994577844;0,57439509493506;"Dynamic REW"
"260";2,72;0,661285726257272;0,705655899493132;0,610227081026934;"Static REW"
"261";2,76;0,226558614971494;0,269900881291943;0,180643339039532;"Dynamic non-REW"
"262";2,76;0,228280038210522;0,275035273737907;0,178509411768198;"Static non-REW"
"263";2,76;0,643476875576123;0,700065164870289;0,576212152236356;"Dynamic REW"
"264";2,76;0,663153047699257;0,707502027960951;0,612079808679319;"Static REW"
"265";2,8;0,228578946209934;0,272166609168199;0,182380954588412;"Dynamic non-REW"
"266";2,8;0,230313333203095;0,277335899514557;0,180231085718831;"Static non-REW"
"267";2,8;0,647200861830782;0,703768329866021;0,579831448012801;"Dynamic REW"
"268";2,8;0,666864111835816;0,711165921704888;0,615767223043715;"Static REW"
"269";2,84;0,230601312299195;0,274433517444288;0,184121159303597;"Dynamic non-REW"
"270";2,84;0,232348629848905;0,279637807903304;0,181955087926446;"Static non-REW"
"271";2,84;0,650899269558566;0,707438503465625;0,58343349539018;"Dynamic REW"
"272";2,84;0,670547552779863;0,714796506645719;0,619433430836313;"Static REW"
"273";2,96;0,232633752402979;0,276709126778097;0,185872544847562;"Dynamic non-REW"
"274";2,96;0,234394018174435;0,28194820477298;0,183690475668586;"Static non-REW"
"275";2,96;0,654586692642656;0,711093721264839;0,587027483715886;"Dynamic REW"
"276";2,96;0,67421791571422;0,718411082673615;0,623088978610019;"Static REW"
"277";3,04;0,233656087643832;0,277852306575941;0,186755012370448;"Dynamic non-REW"
"278";3,04;0,235422848731524;0,283108767302358;0,184564975021292;"Static non-REW"
"279";3,04;0,656430404149837;0,712920756622686;0,588824096775602;"Dynamic REW"
"280";3,04;0,676052289938899;0,72021719996369;0,624915760224675;"Static REW"
"281";3,08;0,236744137989208;0,281300355327815;0,189425631120835;"Dynamic non-REW"
"282";3,08;0,238530446383908;0,286608999095138;0,187211668848039;"Static non-REW"
"283";3,08;0,661954639969639;0,718390491956758;0,594208781400558;"Dynamic REW"
"284";3,08;0,681545294269846;0,725622541260962;0,630387277191988;"Static REW"
"285";3,12;0,237779302437667;0,282454834928026;0,190322198416412;"Dynamic non-REW"
"286";3,12;0,23957213902433;0,287780912594565;0,18810020403334;"Static non-REW"
"287";3,12;0,663791439411045;0,720206912780862;0,596000754211753;"Dynamic REW"
"288";3,12;0,683370618927804;0,727417201146589;0,63220656116281;"Static REW"
"289";3,16;0,23881903559849;0,283613565515851;0,191223573371512;"Dynamic non-REW"
"290";3,16;0,240618416838231;0,288957084197061;0,188993552950196;"Static non-REW"
"291";3,16;0,665628791359817;0,722023062913753;0,597793592736769;"Dynamic REW"
"292";3,16;0,685195943556618;0,729211558401571;0,634025760596634;"Static REW"
"293";3,2;0,241947487699267;0,28709788456954;0,19393757015509;"Dynamic non-REW"
"294";3,2;0,24376648631436;0,292493177499855;0,191683939950681;"Static non-REW"
"295";3,2;0,671111745586361;0,727432459248089;0,603153465769046;"Dynamic REW"
"296";3,2;0,690639713384757;0,734555429190247;0,639458487914386;"Static REW"
"297";3,28;0,242996518796941;0,288265015631711;0,194848808700651;"Dynamic non-REW"
"298";3,28;0,244822070297801;0,29367747845772;0,192587397235977;"Static non-REW"
"299";3,28;0,672935082492185;0,729228790390422;0,604937835087288;"Dynamic REW"
"300";3,28;0,69244891716651;0,736329861950356;0,64126514571687;"Static REW"
"301";3,32;0,244049950550456;0,289435973645938;0,195764975332401;"Dynamic non-REW"
"302";3,32;0,245882069659501;0,294865594233998;0,193495809861591;"Static non-REW"
"303";3,32;0,674758419371683;0,731024718112543;0,606721907577118;"Dynamic REW"
"304";3,32;0,694257565824413;0,738103493397614;0,643071084573371;"Static REW"
"305";3,36;0,246168105660037;0,291787766447826;0,197609843487244;"Dynamic non-REW"
"306";3,36;0,248013391587339;0,297251605237305;0,195325292172414;"Static non-REW"
"307";3,36;0,678401523532645;0,734610711199869;0,610287285769036;"Dynamic REW"
"308";3,36;0,697869647952281;0,741644077449305;0,646678315994219;"Static REW"
"309";3,4;0,247230803142711;0,292966917030746;0,19853614012315;"Dynamic non-REW"
"310";3,4;0,249082675424118;0,298447756220824;0,196243995585183;"Static non-REW"
"311";3,4;0,680217715165307;0,736396132390224;0,612066732474968;"Dynamic REW"
"312";3,4;0,699669534662311;0,743406762212968;0,648477141533964;"Static REW"
"313";3,44;0,248298376909585;0,294150567738146;0,199467614012132;"Dynamic non-REW"
"314";3,44;0,250156852584812;0,299648408601099;0,197167890198647;"Static non-REW"
"315";3,44;0,682034474729263;0,738181270668974;0,613847047844813;"Dynamic REW"
"316";3,44;0,701469421340056;0,7451691348449;0,650275855160642;"Static REW"
"317";3,48;0,252615559399531;0,298926045614052;0,203245964912611;"Dynamic non-REW"
"318";3,48;0,254500603536273;0,304491754843505;0,200916230687203;"Static non-REW"
"319";3,48;0,689302378188891;0,745317793699597;0,620966797793419;"Dynamic REW"
"320";3,48;0,708664133174667;0,752211166348797;0,657464034806575;"Static REW"
"321";3,52;0,255899273037747;0,302547431013514;0,20613111703015;"Dynamic non-REW"
"322";3,52;0,257804379903006;0,30816374216437;0,203779315911431;"Static non-REW"
"323";3,52;0,694746370820022;0,750656070969555;0,626300193111298;"Dynamic REW"
"324";3,52;0,714047248157358;0,757475493160219;0,662842418063761;"Static REW"
"325";3,56;0,258106714888051;0,30497746499823;0,208075107244115;"Dynamic non-REW"
"326";3,56;0,260025237672589;0,310627237604251;0,205708901264699;"Static non-REW"
"327";3,56;0,698365561282353;0,754199736788313;0,629848506133805;"Dynamic REW"
"328";3,56;0,717623049348648;0,760968790267323;0,666417024168808;"Static REW"
"329";3,6;0,261457513400607;0,308657946844629;0,211034534897833;"Dynamic non-REW"
"330";3,6;0,263396291373237;0,31435783324042;0,20864694461979;"Static non-REW"
"331";3,6;0,703797634773353;0,759512588192411;0,635174912040484;"Dynamic REW"
"332";3,6;0,722985560009954;0,766205175601713;0,671776310016719;"Static REW"
"333";3,72;0,263717800214429;0,311134580577799;0,213037173246719;"Dynamic non-REW"
"334";3,72;0,265670166477139;0,316867782214567;0,210635525067442;"Static non-REW"
"335";3,72;0,707420132863915;0,763052404089907;0,638726114419619;"Dynamic REW"
"336";3,72;0,726558667105489;0,769692713517847;0,675346083585937;"Static REW"
"337";3,76;0,265994453817384;0,313625341442749;0,21505822642212;"Dynamic non-REW"
"338";3,76;0,267960445562418;0,319391755778431;0,212642641621133;"Static non-REW"
"339";3,76;0,711035130008023;0,766580206961535;0,642272426847194;"Dynamic REW"
"340";3,76;0,730121948735077;0,77316764010509;0,678907530705512;"Static REW"
"341";3,8;0,268276682816995;0,316120427580659;0,217085822559133;"Dynamic non-REW"
"342";3,8;0,27025627157567;0,321919890529526;0,214656348509468;"Static non-REW"
"343";3,8;0,714625213381542;0,770075332666015;0,645802384834012;"Dynamic REW"
"344";3,8;0,733658245425817;0,77660976614183;0,682448381898857;"Static REW"
"345";3,84;0,269426189220612;0,317375281664808;0,218109044895979;"Dynamic non-REW"
"346";3,84;0,27141260297761;0,323191238234924;0,215672690590671;"Static non-REW"
"347";3,84;0,716420720278434;0,771822277313162;0,647567663747042;"Dynamic REW"
"348";3,84;0,735425935517956;0,778329900325946;0,684217963092556;"Static REW"
"349";3,88;0,271742713469332;0,319900520516192;0,220174854732206;"Dynamic non-REW"
"350";3,88;0,273742833227057;0,32574941702904;0,21772485540175;"Static non-REW"
"351";3,88;0,720013301076884;0,775315057864528;0,651100110097288;"Dynamic REW"
"352";3,88;0,738961005462813;0,781768820572954;0,687756090363041;"Static REW"
"353";3,96;0,275255358644494;0,323720913469872;0,223316518822854;"Dynamic non-REW"
"354";3,96;0,277276138686778;0,329619150540488;0,220846209833387;"Static non-REW"
"355";3,96;0,725395548939063;0,78054028476472;0,656394320654089;"Dynamic REW"
"356";3,96;0,744252412840233;0,786911946022474;0,693052580296495;"Static REW"
"357";4;0,276434169254035;0,325001059570485;0,2243728396226;"Dynamic non-REW"
"358";4;0,278461849443641;0,330915767843197;0,221895723009233;"Static non-REW"
"359";4;0,727184247647353;0,782273989206405;0,658155520966673;"Dynamic REW"
"360";4;0,746009664227857;0,788618034682013;0,694812702831102;"Static REW"
"361";4,08;0,277612979863151;0,326281071996239;0,22542920323105;"Dynamic non-REW"
"362";4,08;0,279647543446302;0,332212060002459;0,222945443332118;"Static non-REW"
"363";4,08;0,728964183256874;0,783996520276124;0,659910969714376;"Dynamic REW"
"364";4,08;0,747757677166449;0,790312986253784;0,696565904145728;"Static REW"
"365";4,12;0,281161579876318;0,330130725560973;0,228612665241829;"Dynamic non-REW"
"366";4,12;0,283216763290939;0,336110568863034;0,226108770029325;"Static non-REW"
"367";4,12;0,734269757144477;0,789118705044805;0,665154930013788;"Dynamic REW"
"368";4,12;0,75296433327385;0,795352187077392;0,701796858889902;"Static REW"
"369";4,16;0,282352594385293;0,331420861708734;0,229683115596777;"Dynamic non-REW"
"370";4,16;0,284414664207423;0,33741682203556;0,227172693435243;"Static non-REW"
"371";4,16;0,736032859342093;0,790818074234034;0,66689927395989;"Dynamic REW"
"372";4,16;0,754693303191154;0,797023647049955;0,703535044232089;"Static REW"
"373";4,2;0,285956648007726;0,335317428535647;0,232930228031854;"Dynamic non-REW"
"374";4,2;0,288039451203981;0,341361666247679;0,230400362283586;"Static non-REW"
"375";4,2;0,741314595241204;0,795902514028927;0,672126590306426;"Dynamic REW"
"376";4,2;0,759868968911194;0,802023199977712;0,708739043740067;"Static REW"
"377";4,24;0,287166773824714;0,336623854282369;0,234022489925717;"Dynamic non-REW"
"378";4,24;0,289256503079822;0,34268421787569;0,231486095188889;"Static non-REW"
"379";4,24;0,743070107203859;0,797589246116677;0,673866291460538;"Dynamic REW"
"380";4,24;0,761587944105369;0,803681653956987;0,710468687508954;"Static REW"
"381";4,28;0,288376917458849;0,337930041365496;0,235114952731254;"Dynamic non-REW"
"382";4,28;0,290473554955154;0,344006626192861;0,232571857706015;"Static non-REW"
"383";4,28;0,744816683823707;0,799264587541142;0,675600213947917;"Dynamic REW"
"384";4,28;0,763297528469359;0,805328767173413;0,712191374065919;"Static REW"
"385";4,32;0,290800355600242;0,340544438128231;0,237303975131922;"Dynamic non-REW"
"386";4,32;0,292910773568781;0,34665353368408;0,234747259054829;"Static non-REW"
"387";4,32;0,748287565303603;0,80258669575196;0,679053293686933;"Dynamic REW"
"388";4,32;0,766692981642937;0,808594343152536;0,715618829081727;"Static REW"
"389";4,36;0,292016768886872;0,34185540252947;0,238404056701491;"Dynamic non-REW"
"390";4,36;0,294134076573079;0,347980566034477;0,235840719002733;"Static non-REW"
"391";4,36;0,750016305989529;0,804238873149761;0,680774992070165;"Dynamic REW"
"392";4,36;0,768383194741288;0,81021799471797;0,717326495741629;"Static REW"
"393";4,4;0,294468908356818;0,344493389979345;0,240626846982466;"Dynamic non-REW"
"394";4,4;0,296600049421364;0,350650564594373;0,238050480224164;"Static non-REW"
"395";4,4;0,753474118597732;0,807541669725927;0,684217305041473;"Dynamic REW"
"396";4,4;0,771762010438213;0,813462758677088;0,720738982147648;"Static REW"
"397";4,44;0,295705032624093;0,345820908807147;0,241749839227437;"Dynamic non-REW"
"398";4,44;0,297843118934676;0,351994034312599;0,239167057506351;"Static non-REW"
"399";4,44;0,755203524350817;0,809192358467626;0,68593860283057;"Dynamic REW"
"400";4,44;0,773450930216642;0,81508413046087;0,72244415177766;"Static REW"
"401";4,48;0,298194732396058;0,348490846715624;0,244015788337424;"Dynamic non-REW"
"402";4,48;0,300346749779603;0,354695845932517;0,241420239652177;"Static non-REW"
"403";4,48;0,758659083420697;0,812486807600198;0,689379519009248;"Dynamic REW"
"404";4,48;0,776823622218189;0,818319762457392;0,725849678129529;"Static REW"
"405";4,52;0,300701483039747;0,351174467259443;0,246302139563995;"Dynamic non-REW"
"406";4,52;0,302867449079337;0,357411381058649;0,243693742422931;"Static non-REW"
"407";4,52;0,762101172521253;0,815762331489809;0,692810636535861;"Dynamic REW"
"408";4,52;0,780180525655449;0,821535782985183;0,72924207379285;"Static REW"
"409";4,6;0,304493458462308;0,355225981977975;0,249769165938698;"Dynamic non-REW"
"410";4,6;0,306680375683288;0,361510569740124;0,247141646077028;"Static non-REW"
"411";4,6;0,767237816971585;0,820637809299658;0,697939495293809;"Dynamic REW"
"412";4,6;0,785185065948145;0,826321323759974;0,734305575729232;"Static REW"
"413";4,64;0,307025229273435;0,357929288941924;0,252085440757477;"Dynamic non-REW"
"414";4,64;0,309226034559203;0,364245512763265;0,24944505951537;"Static non-REW"
"415";4,64;0,770620703886897;0,823834928293517;0,701332046269611;"Dynamic REW"
"416";4,64;0,788477641346976;0,829458799585497;0,737648684884396;"Static REW"
"417";4,68;0,308296744899384;0,359285708116379;0,253250006785092;"Dynamic non-REW"
"418";4,68;0,31050449469246;0,365617550591856;0,250603398182224;"Static non-REW"
"419";4,68;0,7723056758137;0,825424396820904;0,703024338323673;"Dynamic REW"
"420";4,68;0,79011663575701;0,831018488281889;0,739314519452047;"Static REW"
"421";4,76;0,310855001973902;0,362011481417876;0,255596590735108;"Dynamic non-REW"
"422";4,76;0,313076662141862;0,368374428820772;0,252937668097874;"Static non-REW"
"423";4,76;0,775667618210518;0,828590704873692;0,706404384416503;"Dynamic REW"
"424";4,76;0,79338484223132;0,834125282000833;0,742638155261303;"Static REW"
"425";4,8;0,312134145944409;0,363374068156367;0,256770091338592;"Dynamic non-REW"
"426";4,8;0,314362730347484;0,369752474363816;0,254105019988726;"Static non-REW"
"427";4,8;0,777334562316079;0,830156219315515;0,708085294974236;"Dynamic REW"
"428";4,8;0,795004312456801;0,835661139930751;0,744289135913434;"Static REW"
"429";4,84;0,313421032736531;0,364743326826321;0,257952417983188;"Dynamic non-REW"
"430";4,84;0,315656562357375;0,371137154375904;0,255281268557455;"Static non-REW"
"431";4,84;0,779002193557812;0,831721321755644;0,709766971301389;"Dynamic REW"
"432";4,84;0,796623782615741;0,837196572980885;0,745939710515596;"Static REW"
"433";4,88;0,314715232122874;0,366118471456989;0,259143559264416;"Dynamic non-REW"
"434";4,88;0,316957725214533;0,372527656358776;0,256466434143165;"Static non-REW"
"435";4,88;0,780669824739834;0,833285820890476;0,711447904211843;"Dynamic REW"
"436";4,88;0,798242580185768;0,838731017043475;0,747589054610272;"Static REW"
"437";5,04;0,317323567271422;0,368885783559029;0,261548702814544;"Dynamic non-REW"
"438";5,04;0,319580029771717;0,375325452491542;0,258859933173139;"Static non-REW"
"439";5,04;0,784002046107171;0,836407745165953;0,714808527254439;"Dynamic REW"
"440";5,04;0,8014751894936;0,841792835075592;0,750882961555923;"Static REW"
"441";5,12;0,318633801823385;0,37027452727815;0,262758271455984;"Dynamic non-REW"
"442";5,12;0,320897248753323;0,37672921404572;0,260063912598278;"Static non-REW"
"443";5,12;0,785661490438714;0,837959367210364;0,716484711951263;"Dynamic REW"
"444";5,12;0,803084006068876;0,843314444744424;0,752524037058596;"Static REW"
"445";5,16;0,319944058226784;0,371662999111787;0,263968088323141;"Dynamic non-REW"
"446";5,16;0,322214467734128;0,378132826455054;0,261267924579189;"Static non-REW"
"447";5,16;0,787311370552658;0,839498968916381;0,718154750840068;"Dynamic REW"
"448";5,16;0,804682870665286;0,84482410691733;0,754157812443008;"Static REW"
"449";5,2;0,321254314629402;0,373051331963861;0,265177950130605;"Dynamic non-REW"
"450";5,2;0,323531664703286;0,37953604377553;0,26247221282012;"Static non-REW"
"451";5,2;0,788951695814748;0,84102664315714;0,719818543282706;"Dynamic REW"
"452";5,2;0,806271799214276;0,846321907959579;0,755784215685069;"Static REW"
"453";5,32;0,325232102812648;0,377254321142591;0,268864111734939;"Dynamic non-REW"
"454";5,32;0,32753038837274;0,3837832495497;0,266142346452509;"Static non-REW"
"455";5,32;0,793873380499801;0,845606095419477;0,724806601776041;"Dynamic REW"
"456";5,32;0,811035172489847;0,850809813212158;0,760656469404918;"Static REW"
"457";5,36;0,327924544839377;0,380089152311233;0,271370360571377;"Dynamic non-REW"
"458";5,36;0,330236885033817;0,386647178648247;0,268638515136224;"Static non-REW"
"459";5,36;0,797155456785676;0,848656072059214;0,728129768589552;"Dynamic REW"
"460";5,36;0,814208208462316;0,85379733739509;0,763899034478849;"Static REW"
"461";5,52;0,329283050002618;0,381516266631179;0,272638546913045;"Dynamic non-REW"
"462";5,52;0,331602445967312;0,388088708047015;0,26990186958144;"Static non-REW"
"463";5,52;0,79879649482086;0,850180047703464;0,72978999208166;"Dynamic REW"
"464";5,52;0,815793669727541;0,855289512506704;0,765518224005581;"Static REW"
"465";5,56;0,332000084239716;0,384369940674112;0,275175276619275;"Dynamic non-REW"
"466";5,56;0,334333519854737;0,390970783538015;0,272429218809667;"Static non-REW"
"467";5,56;0,8020486720939;0,853190526056861;0,733091283775289;"Dynamic REW"
"468";5,56;0,818933598073666;0,858236691623719;0,768733939112597;"Static REW"
"469";5,6;0,333358637276483;0,385796350451895;0,276444047799391;"Dynamic non-REW"
"470";5,6;0,335699056796979;0,392411598654077;0,273692943836865;"Static non-REW"
"471";5,6;0,803659920668884;0,854677166570756;0,734732485996303;"Dynamic REW"
"472";5,6;0,820488185673738;0,859691837800644;0,770330599606026;"Static REW"
"473";5,64;0,334717214324894;0,387222473887505;0,277713091530098;"Dynamic non-REW"
"474";5,64;0,337064593738233;0,393852265514221;0,274956701358809;"Static non-REW"
"475";5,64;0,805261329349632;0,856151513530403;0,736367404500374;"Dynamic REW"
"476";5,64;0,822032583753781;0,861134792875868;0,771919821377265;"Static REW"
"477";5,72;0,336075791372342;0,388648460719095;0,278982178861703;"Dynamic non-REW"
"478";5,72;0,338430106493373;0,395292512076564;0,276220763368843;"Static non-REW"
"479";5,72;0,806852910042836;0,857613666430609;0,73799593385316;"Dynamic REW"
"480";5,72;0,823566811234604;0,862565649927001;0,773501529411012;"Static REW"
"481";5,8;0,33743439253055;0,390074159614298;0,280251540213884;"Dynamic non-REW"
"482";5,8;0,339795619247513;0,396732610228872;0,277484857038041;"Static non-REW"
"483";5,8;0,80843473112461;0,859063682577682;0,739618198414135;"Dynamic REW"
"484";5,8;0,825090941447864;0,863984471419292;0,775075838157396;"Static REW"
"485";5,96;0,340156125966327;0,392929030584248;0,282795653169199;"Dynamic non-REW"
"486";5,96;0,342531125820902;0,399615532482842;0,280019147893799;"Static non-REW"
"487";5,96;0,811574365108261;0,861933407415246;0,742847134707403;"Dynamic REW"
"488";5,96;0,828114012404934;0,866792038464659;0,778205503702624;"Static REW"
"489";6,04;0,341523829145937;0,39436211621628;0,284075717202875;"Dynamic non-REW"
"490";6,04;0,343905713246105;0,401062374730194;0,281294587366772;"Static non-REW"
"491";6,04;0,813137401357641;0,86335891237647;0,744457312374595;"Dynamic REW"
"492";6,04;0,829617988271183;0,868186526161753;0,779764320934427;"Static REW"
"493";6,12;0,342900786023626;0,395802972226848;0,285366598707463;"Dynamic non-REW"
"494";6,12;0,345289575932966;0,402516913223702;0,282580965270866;"Static non-REW"
"495";6,12;0,814701157520985;0,864783955835033;0,746068144234625;"Dynamic REW"
"496";6,12;0,83112196405123;0,869580539202305;0,78132258137339;"Static REW"
"497";6,2;0,345678257037567;0,398704341106916;0,287975994868238;"Dynamic non-REW"
"498";6,2;0,348080900125834;0,405445300161412;0,285181812714418;"Static non-REW"
"499";6,2;0,817825501871593;0,867626720201637;0,749288165867842;"Dynamic REW"
"500";6,2;0,834124771239755;0,872361252678354;0,784433864374057;"Static REW"
"501";6,28;0,347074172749301;0,400160922905547;0,289289157425332;"Dynamic non-REW"
"502";6,28;0,349483739465055;0,406915099152314;0,286491015678301;"Static non-REW"
"503";6,28;0,81938073010407;0,869038519145838;0,750893770863297;"Dynamic REW"
"504";6,28;0,835618447605313;0,873742083066324;0,785983363071944;"Static REW"
"505";6,36;0,348479143346652;0,401624569882232;0,290613542453155;"Dynamic non-REW"
"506";6,36;0,350895652335821;0,40839184511394;0,287811618760249;"Static non-REW"
"507";6,36;0,820935958253807;0,870449625154275;0,752498353751075;"Dynamic REW"
"508";6,36;0,837111416104891;0,875121849363085;0,787531360546026;"Static REW"
"509";6,4;0,34989398560223;0,403096421709758;0,291949578913988;"Dynamic non-REW"
"510";6,4;0,352317458957105;0,409876702871338;0,289144021236088;"Static non-REW"
"511";6,4;0,822491930190548;0,871860234648627;0,754103538733071;"Dynamic REW"
"512";6,4;0,83860438450867;0,876501103811432;0,789078724557569;"Static REW"
"513";6,48;0,351318171385167;0,40457552127506;0,293297252951084;"Dynamic non-REW"
"514";6,48;0,353748627994571;0,411368681111619;0,290488252294141;"Static non-REW"
"515";6,48;0,824047902039955;0,873270122697192;0,755707640254653;"Dynamic REW"
"516";6,48;0,840096632636582;0,877879263245998;0,79062452803846;"Static REW"
"517";6,68;0,354192082314122;0,407554752654253;0,296022934753374;"Dynamic non-REW"
"518";6,68;0,35663654761805;0,414373246788329;0,293207611177534;"Static non-REW"
"519";6,68;0,827156541128551;0,876082182712905;0,758913916265715;"Dynamic REW"
"520";6,68;0,843075778750103;0,880627880309106;0,793710530744935;"Static REW"
"521";6,8;0,35709176817862;0,410554753302847;0,298779662980206;"Dynamic non-REW"
"522";6,8;0,359550254849952;0,417397782459225;0,295958951556765;"Static non-REW"
"523";6,8;0,830251078681592;0,878873532768412;0,762110652218801;"Dynamic REW"
"524";6,8;0,846038482824391;0,883355719991372;0,796782587459394;"Static REW"
"525";6,84;0,358557071077078;0,41206704621447;0,300176953144035;"Dynamic non-REW"
"526";6,84;0,361022599870318;0,418922139592947;0,297353856176051;"Static non-REW"
"527";6,84;0,831798927985688;0,880268221275574;0,763708508065519;"Dynamic REW"
"528";6,84;0,847519278949797;0,884718356558469;0,79831680397771;"Static REW"
"529";6,88;0,36003328490644;0,41358825730749;0,301587320630453;"Dynamic non-REW"
"530";6,88;0,362505878761179;0,420455287803569;0,298762034988059;"Static non-REW"
"531";6,88;0,833347561627837;0,881662348814842;0,765306857646413;"Dynamic REW"
"532";6,88;0,849000074962178;0,886080414177531;0,799850243513344;"Static REW"
"533";6,92;0,361509528268167;0,41510915129636;0,302998015106744;"Dynamic non-REW"
"534";6,92;0,363989157650483;0,421988291421497;0,300170246410843;"Static non-REW"
"535";6,92;0,834885494640342;0,883043223098023;0,766898502144824;"Dynamic REW"
"536";6,92;0,850469889677401;0,887429332585465;0,801375843222533;"Static REW"
"537";6,96;0,362996133053068;0,416637944789789;0,304421803095974;"Dynamic non-REW"
"538";6,96;0,365482817286146;0,423529032686638;0,301591792149574;"Static non-REW"
"539";6,96;0,836423427549279;0,884423294525762;0,76848885815758;"Dynamic REW"
"540";6,96;0,851938950898224;0,888777068479468;0,802899690185996;"Static REW"
"541";7,08;0,364493270434659;0,418174740481751;0,305858938373973;"Dynamic non-REW"
"542";7,08;0,366987028947557;0,425077607614446;0,303026935760887;"Static non-REW"
"543";7,08;0,837961360351699;0,885802544434224;0,770077883005471;"Dynamic REW"
"544";7,08;0,853407251930062;0,890123604007891;0,804421745064884;"Static REW"
"545";7,2;0,365990407814618;0,419711419074289;0,307296100257858;"Dynamic non-REW"
"546";7,2;0,368491209873463;0,426625691920224;0,304462466512198;"Static non-REW"
"547";7,2;0,839488409916043;0,88716837799936;0,771660017870396;"Dynamic REW"
"548";7,2;0,854864403710418;0,891456847717372;0,805935788049674;"Static REW"
"549";7,24;0,367498278917497;0,421256229129034;0,308746897490973;"Dynamic non-REW"
"550";7,24;0,370006143882903;0,42818172593862;0,305911901124925;"Static non-REW"
"551";7,24;0,841015459370807;0,888533378177812;0,773240780550469;"Dynamic REW"
"552";7,24;0,856320792503805;0,892788883062991;0,807448003000813;"Static REW"
"553";7,32;0,370548576316791;0,424373134458994;0,31169109974664;"Dynamic non-REW"
"554";7,32;0,373070633103697;0,431320571758937;0,308854142495216;"Static non-REW"
"555";7,32;0,844071173490681;0,891261293310938;0,776401617447054;"Dynamic REW"
"556";7,32;0,859232792043196;0,895450460173452;0,810468732154836;"Static REW"
"557";7,36;0,372090585511236;0,425944245801709;0,313184773569167;"Dynamic non-REW"
"558";7,36;0,374619767680651;0,432902349602057;0,31034728375023;"Static non-REW"
"559";7,36;0,845599030372673;0,892623921560709;0,777979790579357;"Dynamic REW"
"560";7,36;0,860687617918999;0,896779354084315;0,811976183360293;"Static REW"
"561";7,4;0,373644945207549;0,427525226448587;0,314693550197421;"Dynamic non-REW"
"562";7,4;0,376181276436711;0,4344938181545;0,311855798643683;"Static non-REW"
"563";7,4;0,847127719779881;0,893985895694004;0,779558255831278;"Dynamic REW"
"564";7,4;0,862142443656728;0,89810758091812;0,813482631856385;"Static REW"
"565";7,44;0,376790764090776;0,430716096847525;0,317757362237355;"Dynamic non-REW"
"566";7,44;0,379341461147998;0,437705058309392;0,314919994315261;"Static non-REW"
"567";7,44;0,850186782000582;0,896707545930669;0,78271403763651;"Dynamic REW"
"568";7,44;0,865051285612284;0,900761323806549;0,816491349810052;"Static REW"
"569";7,52;0,378381792971225;0,432324952067858;0,319312700607093;"Dynamic non-REW"
"570";7,52;0,380939703050984;0,43932373963635;0,316476051598759;"Static non-REW"
"571";7,52;0,851716312909494;0,898066909902779;0,784289362402498;"Dynamic REW"
"572";7,52;0,866504484929977;0,902086160979944;0,817992505225329;"Static REW"
"573";7,6;0,379986107629133;0,433944281458515;0,320884474547183;"Dynamic non-REW"
"574";7,6;0,382551255039058;0,440952679318089;0,318048868942235;"Static non-REW"
"575";7,6;0,853246712597478;0,899425548697443;0,785864828646601;"Dynamic REW"
"576";7,6;0,867957684091449;0,903410260527799;0,819492491792967;"Static REW"
"577";7,72;0,381590458289324;0,435563292788921;0,322456607812727;"Dynamic non-REW"
"578";7,72;0,384162807024745;0,442581509272702;0,319621694363235;"Static non-REW"
"579";7,72;0,854765255166792;0,900769404528483;0,787433190272233;"Dynamic REW"
"580";7,72;0,869398800003329;0,904719748142986;0,820984169246663;"Static REW"
"581";7,8;0,383194808947179;0,43718223193774;0,324028725994982;"Dynamic non-REW"
"582";7,8;0,385774322747584;0,444209811556486;0,321194957304411;"Static non-REW"
"583";7,8;0,856271968045166;0,902098623817761;0,788994312693252;"Dynamic REW"
"584";7,8;0,870827869890393;0,90601476386253;0,822467444007398;"Static REW"
"585";7,84;0,384799159602682;0,438801098646021;0,325600828667976;"Dynamic non-REW"
"586";7,84;0,38738580211406;0,445837583245423;0,322768661127661;"Static non-REW"
"587";7,84;0,857766912977275;0,903413329778541;0,790548209213249;"Dynamic REW"
"588";7,84;0,872244963503175;0,907295429994776;0,823942343409982;"Static REW"
"589";8,16;0,38640354654373;0,440419640254215;0,327173298460377;"Dynamic non-REW"
"590";8,16;0,388997281478093;0,447465242301352;0,324342375136567;"Static non-REW"
"591";8,16;0,859250184961691;0,904713623233673;0,792095039127158;"Dynamic REW"
"592";8,16;0,873650182017419;0,90856185149457;0,825409014014723;"Static REW"
"593";8,28;0,388007969866836;0,4420378532527;0,328746139626317;"Dynamic non-REW"
"594";8,28;0,390608760839661;0,449092788460197;0,325916098779291;"Static non-REW"
"595";8,28;0,860721844717736;0,905999626456297;0,793634814336012;"Dynamic REW"
"596";8,28;0,875043594018783;0,909814149625349;0,826867481640651;"Static REW"
"597";8,36;0,389612429669022;0,44365573414892;0,33031935640677;"Dynamic non-REW"
"598";8,36;0,392220240198746;0,450720221453947;0,327489831499234;"Static non-REW"
"599";8,36;0,862181952807989;0,907271460990173;0,795167546748403;"Dynamic REW"
"600";8,36;0,87642526787636;0,911052445003533;0,82831777197208;"Static REW"
"601";8,4;0,391229704728215;0,445283048248159;0,331909235448984;"Dynamic non-REW"
"602";8,4;0,393844553702473;0,452356823796533;0,329080611168531;"Static non-REW"
"603";8,4;0,863642060753546;0,908542321620072;0,796698451951737;"Dynamic REW"
"604";8,4;0,877806136071833;0,912289401227607;0,829765836846674;"Static REW"
"605";8,44;0,39286003628325;0,446919935888135;0,333516140861261;"Dynamic non-REW"
"606";8,44;0,395481942644313;0,454002723655446;0,330688819336747;"Static non-REW"
"607";8,44;0,865102168549708;0,909812182122564;0,798227461776252;"Dynamic REW"
"608";8,44;0,879186190452392;0,91352499318557;0,831211616915767;"Static REW"
"609";8,56;0,394490405805924;0,448556493939179;0,335123426731157;"Dynamic non-REW"
"610";8,56;0,397119331583441;0,455648522928448;0,332297025617107;"Static non-REW"
"611";8,56;0,866550538330521;0,911067648884689;0,799749375828569;"Dynamic REW"
"612";8,56;0,880554338292764;0,914746375920767;0,832649154158891;"Static REW"
"613";9;0,396120813400228;0,450192718584482;0,336731097722946;"Dynamic non-REW"
"614";9;0,398756720519836;0,457294221303477;0,333905229481246;"Static non-REW"
"615";9;0,867987232963929;0,912308848189345;0,801264206243411;"Dynamic REW"
"616";9;0,881910650398311;0,915953674578733;0,834078474942805;"Static REW"
"617";9,12;0,397764599626852;0,451838717359326;0,338356266762548;"Dynamic non-REW"
"618";9,12;0,400407506560769;0,45894941501257;0,335531338170485;"Static non-REW"
"619";9,12;0,869423927443008;0,91354904027362;0,802777079880051;"Dynamic REW"
"620";9,12;0,883266150089273;0,917159609413614;0,835505462751649;"Static REW"
"621";9,36;0,401052249899596;0,455129990967294;0,341607353307636;"Dynamic non-REW"
"622";9,36;0,403709039447855;0,462259063300858;0,338784002908949;"Static non-REW"
"623";9,36;0,872262129389973;0,915986616377695;0,805781378103526;"Dynamic REW"
"624";9,36;0,885941530681214;0,919529242197267;0,838334635107628;"Static REW"
"625";9,48;0,402696075031732;0,456775541936248;0,343232850644902;"Dynamic non-REW"
"626";9,48;0,405359747001206;0,463913056662591;0,3404110380209;"Static non-REW"
"627";9,48;0,873663731825234;0,917184275823431;0,807272679010852;"Dynamic REW"
"628";9,48;0,887261524313879;0,920693209066382;0,839736752043484;"Static REW"
"629";9,84;0,404339900161013;0,458421035269778;0,34485831679793;"Dynamic non-REW"
"630";9,84;0,407010415151661;0,465566491609236;0,342038546951479;"Static non-REW"
"631";9,84;0,875053754348656;0,918368017494494;0,80875676636528;"Dynamic REW"
"632";9,84;0,888569816404369;0,921843443149947;0,841130593304181;"Static REW"
"633";10,08;0,405983764632783;0,460066185039138;0,346484183611619;"Dynamic non-REW"
"634";10,08;0,408661083299149;0,467219827733316;0,343666051014559;"Static non-REW"
"635";10,08;0,876432293928997;0,919537945951034;0,810233803199237;"Dynamic REW"
"636";10,08;0,889866509719011;0,922980052571884;0,842516307963036;"Static REW"
"637";10,12;0,407627668557794;0,461710987243421;0,34811045601453;"Dynamic non-REW"
"638";10,12;0,410311751443645;0,468873064691935;0,345293549678911;"Static non-REW"
"639";10,12;0,877799413769873;0,920694185949111;0,811703801875049;"Dynamic REW"
"640";10,12;0,891151675140998;0,924103161205021;0,843893922161689;"Static REW"
"641";10,16;0,409271612047417;0,463355437898224;0,349737138924224;"Dynamic non-REW"
"642";10,16;0,411962419585124;0,470526202137989;0,346921042407655;"Static non-REW"
"643";10,16;0,879155176902233;0,921836861451718;0,813166774764169;"Dynamic REW"
"644";10,16;0,892425383316662;0,925212892195318;0,845263461921939;"Static REW"
"645";10,2;0,410915595213653;0,464999533035578;0,351364237247364;"Dynamic non-REW"
"646";10,2;0,41361308772356;0,472179239720108;0,348548528658173;"Static non-REW"
"647";10,2;0,880499646184351;0,922966095631521;0,814622734247537;"Dynamic REW"
"648";10,2;0,893687704655604;0,926309367960848;0,846624953150229;"Static REW"
"649";10,28;0,414211038318834;0,468293395980128;0,354627711912576;"Dynamic non-REW"
"650";10,28;0,416921810751722;0,475489594403316;0,351814242102044;"Static non-REW"
"651";10,28;0,883160845036836;0,925191001857153;0,817516763071214;"Dynamic REW"
"652";10,28;0,896183990038713;0,928469198666968;0,84932695113951;"Static REW"
"653";10,4;0,415870064726919;0,469949100968009;0,356273554284567;"Dynamic non-REW"
"654";10,4;0,418587461641332;0,47715295777553;0,35346188758673;"Static non-REW"
"655";10,4;0,884483606841147;0,926292991999202;0,81895836704854;"Dynamic REW"
"656";10,4;0,8974236212401;0,929538768189924;0,850670883701613;"Static REW"
"657";10,44;0,417529091131837;0,47160474721623;0,35791936454709;"Dynamic non-REW"
"658";10,44;0,420253071498487;0,47881573887941;0,35511003270843;"Static non-REW"
"659";10,44;0,885795091789117;0,927381748683151;0,820392796260712;"Dynamic REW"
"660";10,44;0,898651913159953;0,930595284974734;0,852006672710944;"Static REW"
"661";10,56;0,41918811753356;0,473260334389581;0,359565142254331;"Dynamic non-REW"
"662";10,56;0,421918640207314;0,480477934111623;0,356758681715819;"Static non-REW"
"663";10,56;0,887095364309625;0,9284573946914;0,821820065045298;"Dynamic REW"
"664";10,56;0,899868937667653;0,931638871505501;0,853334345634578;"Static REW"
"665";10,64;0,422506190936424;0,476571175543039;0,362856831866775;"Dynamic non-REW"
"666";10,64;0,425249674402284;0,4838007980942;0,360057250078889;"Static non-REW"
"667";10,64;0,889662544661995;0,930569832257076;0,824653253099664;"Dynamic REW"
"668";10,64;0,90226948543426;0,933687732254129;0,855965512838623;"Static REW"
"669";10,72;0,424165258606342;0,478226272290691;0,364502979382214;"Dynamic non-REW"
"670";10,72;0,426915160400861;0,485461706762803;0,361706917259567;"Static non-REW"
"671";10,72;0,89092959586576;0,931606856108528;0,82605927464186;"Dynamic REW"
"672";10,72;0,903453165574374;0,93469324012863;0,857269121053184;"Static REW"
"673";10,76;0,425824326272953;0,47988130660361;0,366149095416847;"Dynamic non-REW"
"674";10,76;0,428580604778887;0,487122016369365;0,363357103138947;"Static non-REW"
"675";10,76;0,892185689955712;0,932631252817213;0,82745819187067;"Dynamic REW"
"676";10,76;0,904625862713;0,935686300314406;0,858564720927149;"Static REW"
"677";10,92;0,427483393936228;0,48153627813085;0,367795179502446;"Dynamic non-REW"
"678";10,92;0,430246007417126;0,488781723331764;0,365007811966799;"Static non-REW"
"679";10,92;0,893430890435991;0,9336431411743;0,828850019210568;"Dynamic REW"
"680";10,92;0,905787647464134;0,936667031476008;0,859852339512874;"Static REW"
"681";10,96;0,429142503294742;0,48319086974461;0,369441709778704;"Dynamic non-REW"
"682";10,96;0,4319114100519;0,490441323117091;0,366658521049227;"Static non-REW"
"683";10,96;0,894665291513632;0,934642620670635;0,830234918753498;"Dynamic REW"
"684";10,96;0,906938618981979;0,937635536524324;0,861132123098292;"Static REW"
"685";11;0,43080165447176;0,484845077193267;0,37108869155923;"Dynamic non-REW"
"686";11;0,433576812683177;0,492100815333103;0,368309229831572;"Static non-REW"
"687";11;0,895888955602039;0,935629809059077;0,831612903314485;"Dynamic REW"
"688";11;0,908078846652152;0,938591932951392;0,862404097069033;"Static REW"
"689";11,12;0,432460847591275;0,486498896241345;0,372736130148221;"Dynamic non-REW"
"690";11,12;0,435242215310926;0,493760199582798;0,369959937752709;"Static non-REW"
"691";11,12;0,897101944935558;0,936604823307238;0,832983985716158;"Dynamic REW"
"692";11,12;0,909208399616792;0,939536337494396;0,863668286727087;"Static REW"
"693";11,16;0,434120082778016;0,488152322669438;0,374384030840577;"Dynamic non-REW"
"694";11,16;0,436907617935117;0,495419475464344;0,371610644244953;"Static non-REW"
"695";11,16;0,898304321569466;0,93756777960029;0,834348178789192;"Dynamic REW"
"696";11,16;0,910327346774697;0,940468866136244;0,864924717293836;"Static REW"
"697";11,4;0,435779317961271;0,489805676721357;0,376031908794124;"Dynamic non-REW"
"698";11,4;0,438572978204309;0,497078135200614;0,373261886460013;"Static non-REW"
"699";11,4;0,899496117205306;0,938518811264515;0,835705348830061;"Dynamic REW"
"700";11,4;0,911435728727858;0,94138964871034;0,866173295785222;"Static REW"
"701";11,48;0,437438595461281;0,491458631684141;0,377680256525343;"Dynamic non-REW"
"702";11,48;0,440238338469879;0,498736684574306;0,374913128336819;"Static non-REW"
"703";11,48;0,900677424246754;0,939458014598625;0,837055656684239;"Dynamic REW"
"704";11,48;0,912533642473142;0,942298784795071;0,867414166723431;"Static REW"
"705";11,6;0,439097915405005;0,493111183352418;0,379329079335861;"Dynamic non-REW"
"706";11,6;0,441903698731794;0,500395123171556;0,376564369294166;"Static non-REW"
"707";11,6;0,901848304207136;0,940385503454459;0,838399115227695;"Dynamic REW"
"708";11,6;0,913621156175;0,943196388106744;0,868647355126557;"Static REW"
"709";11,68;0,442446416936102;0,496438136981843;0,382665724278285;"Dynamic non-REW"
"710";11,68;0,44526425935822;0,503732544347005;0,379907470377104;"Static non-REW"
"711";11,68;0,904179544029553;0,942227072561484;0,841075046921315;"Dynamic REW"
"712";11,68;0,915784278841402;0,944977808283665;0,871101323501856;"Static REW"
"713";11,96;0,444120667696;0,498101514616786;0,384334001632205;"Dynamic non-REW"
"714";11,96;0,446944474090934;0,505400309336298;0,381579850306604;"Static non-REW"
"715";11,96;0,905329447641068;0,943130356742453;0,842402502098413;"Dynamic REW"
"716";11,96;0,916850195182941;0,945851298666086;0,872316604631387;"Static REW"
"717";12;0,445794918452086;0,499764825623153;0,386002248250247;"Dynamic non-REW"
"718";12;0,448624644929322;0,507067438801161;0,383252789306643;"Static non-REW"
"719";12;0,906468957994576;0,944022126515571;0,843722969915;"Dynamic REW"
"720";12;0,91790577458903;0,946713461676675;0,873524119639104;"Static REW"
"721";12,36;0,44746921307278;0,501427725119996;0,387670983959367;"Dynamic non-REW"
"722";12,36;0,450304815763748;0,508734460361451;0,384925725108164;"Static non-REW"
"723";12,36;0,907598167507352;0,944902478217852;0,845036611959455;"Dynamic REW"
"724";12,36;0,918951113785306;0,947564396643628;0,874724013148138;"Static REW"
"725";12,44;0,449158942913851;0,503101937812113;0,389359924577338;"Dynamic non-REW"
"726";12,44;0,45200043122161;0,510412372495191;0,386619451737776;"Static non-REW"
"727";12,44;0,908727376848377;0,945782007153856;0,846348208414532;"Dynamic REW"
"728";12,44;0,919995749865225;0,948414238880955;0,875921574078226;"Static REW"
"729";12,48;0,450848717707124;0,504775738424723;0,39104936037535;"Dynamic non-REW"
"730";12,48;0,453696046675286;0,512090185395572;0,388313166726976;"Static non-REW"
"731";12,48;0,909846221899033;0,946650071623336;0,847652959372414;"Dynamic REW"
"732";12,48;0,921030096511954;0,949252815284891;0,877111495112072;"Static REW"
"733";12,76;0,452538537593298;0,506449122258868;0,392739297329979;"Dynamic non-REW"
"734";12,76;0,455391662124738;0,513767898600188;0,390006869498372;"Static non-REW"
"735";12,76;0,910954766060371;0,947506787295711;0,848950878049127;"Dynamic REW"
"736";12,76;0,922054223609199;0,950080241226662;0,87829380176393;"Static REW"
"737";12,8;0,454228402713949;0,508122084630587;0,394429741411624;"Dynamic non-REW"
"738";12,8;0,457087277569924;0,515445511641179;0,391700559466976;"Static non-REW"
"739";12,8;0,912053072540883;0,94835226901898;0,85024197767097;"Dynamic REW"
"740";12,8;0,92306820078106;0,950896631274515;0,879468519478753;"Static REW"
"741";12,84;0,455918313211545;0,509794620870837;0,39612069858464;"Dynamic non-REW"
"742";12,84;0,458782893010806;0,517123024045149;0,393394236040071;"Static non-REW"
"743";12,84;0,913141204356487;0,949186630822926;0,851526271474921;"Dynamic REW"
"744";12,84;0,924072097392187;0,951702099195219;0,880635673634686;"Static REW"
"745";12,88;0,457608269229447;0,511466726325421;0,397812174807481;"Dynamic non-REW"
"746";12,88;0,460478508447343;0,518800435333086;0,395087898617091;"Static non-REW"
"747";12,88;0,914219224330523;0,950009985922318;0,852803772709032;"Dynamic REW"
"748";12,88;0,92506598254795;0,95249675795565;0,881795289545463;"Static REW"
"749";13;0,459298270911922;0,513138396354906;0,399504176032831;"Dynamic non-REW"
"750";13;0,462174123879494;0,520477745020276;0,396781546589488;"Static non-REW"
"751";13;0,915287195093732;0,950822446720126;0,854074494632814;"Dynamic REW"
"752";13;0,926049925094593;0,95328071972447;0,882947392462731;"Static REW"
"753";13,04;0,460988272590096;0,514809994758193;0,401196151720781;"Dynamic non-REW"
"754";13,04;0,463869693342851;0,52215439253038;0,398475781249986;"Static non-REW"
"755";13,04;0,916345150539449;0,951624140808051;0,855338303956529;"Dynamic REW"
"756";13,04;0,927023967347776;0,954054109131328;0,884091890678964;"Static REW"
"757";13,12;0,46267832022163;0,516481150538925;0,402888661152203;"Dynamic non-REW"
"758";13,12;0,465565262801738;0,523830936143642;0,400170002622564;"Static non-REW"
"759";13,12;0,917393181994363;0,952415162557705;0,856595362140481;"Dynamic REW"
"760";13,12;0,927988204437373;0,95481702316757;0,885228927713512;"Static REW"
"761";13,24;0,464368367848782;0,518152231841399;0,404581147159026;"Dynamic non-REW"
"762";13,24;0,467260786002608;0,525506810452556;0,401864818331221;"Static non-REW"
"763";13,24;0,91843132332;0,953195637639672;0,857845536616775;"Dynamic REW"
"764";13,24;0,928942678522052;0,95556958463257;0,886358412500422;"Static REW"
"765";13,28;0,466058461721748;0,519822863294487;0,406274175703225;"Dynamic non-REW"
"766";13,28;0,468956309198923;0,527182578563824;0,403559622056571;"Static non-REW"
"767";13,28;0,919459665090887;0,953965659142742;0,859088988210214;"Dynamic REW"
"768";13,28;0,92988748383903;0,956311889170501;0,887480487732532;"Static REW"
"769";13,36;0,467748601989426;0,521493040257101;0,407967752785826;"Dynamic non-REW"
"770";13,36;0,470651832390639;0,528858239968636;0,405254413166994;"Static non-REW"
"771";13,36;0,920478268964575;0,954725335458817;0,860325730274195;"Dynamic REW"
"772";13,36;0,930822687930383;0,957044044978226;0,888595178415857;"Static REW"
"773";13,4;0,469438742252593;0,523163137470692;0,409661311146622;"Dynamic non-REW"
"774";13,4;0,472347308882312;0,530533221895384;0,406949808956032;"Static non-REW"
"775";13,4;0,921487168752395;0,955474789406375;0,861555631330409;"Dynamic REW"
"776";13,4;0,931748332717432;0,957766172126846;0,889702394468216;"Static REW"
"777";13,44;0,471128882511208;0,524833154505131;0,411354850268349;"Dynamic non-REW"
"778";13,44;0,474042738526439;0,532207520115214;0,408645814560979;"Static non-REW"
"779";13,44;0,922486426432007;0,956214127234333;0,862778706743241;"Dynamic REW"
"780";13,44;0,93266448592635;0,958478376800232;0,890802162676818;"Static REW"
"781";13,72;0,472819069611828;0,526502707163514;0,413048949657008;"Dynamic non-REW"
"782";13,72;0,475738168165834;0,53388170751498;0,410341810760521;"Static non-REW"
"783";13,72;0,923476131080349;0,956943439499333;0,863995116044135;"Dynamic REW"
"784";13,72;0,933571240019628;0,959180751977845;0,891894624072084;"Static REW"
"785";14,04;0,474509256707805;0,528172176785981;0,414743031886597;"Dynamic non-REW"
"786";14,04;0,477433550657233;0,535555203943967;0,412038424592959;"Static non-REW"
"787";14,04;0,924456316449894;0,957662846211031;0,865204728859087;"Dynamic REW"
"788";14,04;0,934468636672369;0,959873415029729;0,892979689580869;"Static REW"
"789";14,2;0,476199490949674;0,52984117471138;0,416437683344658;"Dynamic non-REW"
"790";14,2;0,479128933143807;0,537228587235283;0,413735030288385;"Static non-REW"
"791";14,2;0,925427070872181;0,958372436672034;0,866407704076045;"Dynamic REW"
"792";14,2;0,935356767465025;0,96055645761252;0,894057499412193;"Static REW"
"793";14,44;0,47790755837551;0,531524075996563;0,418154693474873;"Dynamic non-REW"
"794";14,44;0,480842154930345;0,538915499627256;0,415454503720073;"Static non-REW"
"795";14,44;0,926398521190839;0,959081516934793;0,86761049586656;"Dynamic REW"
"796";14,44;0,936244898065733;0,961238960892013;0,895134054292903;"Static REW"
"797";14,48;0,479615674263271;0,533206500685321;0,419872284275502;"Dynamic non-REW"
"798";14,48;0,482555376711752;0,540602306215601;0,417173961052632;"Static non-REW"
"799";14,48;0,927360465029861;0,959780732840452;0,868806609037744;"Dynamic REW"
"800";14,48;0,937123701977094;0,961911797028061;0,896203324268727;"Static REW"
"801";14,52;0,48303193041775;0,536570913173887;0,423307702160099;"Dynamic non-REW"
"802";14,52;0,485981698248912;0,543974091795494;0,4206144655786;"Static non-REW"
"803";14,52;0,929256014296697;0,961150031189306;0,871178493409459;"Dynamic REW"
"804";14,52;0,938853538718233;0,96322892106063;0,898319825386482;"Static REW"
"805";14,6;0,486448284453867;0,539934189652714;0,426744264388409;"Dynamic non-REW"
"806";14,6;0,489407921577122;0,547344224572255;0,424056237210632;"Static non-REW"
"807";14,6;0,931114229133231;0,962481162346568;0,873523549110407;"Dynamic REW"
"808";14,6;0,940546830395647;0,964508660859291;0,900407269447052;"Static REW"
"809";14,64;0,488156498382366;0,541615395115105;0,428462982054147;"Dynamic non-REW"
"810";14,64;0,491120996208955;0,549028664731987;0,4257776043671;"Static non-REW"
"811";14,64;0,932029490406692;0,963132673654685;0,87468605314361;"Dynamic REW"
"812";14,64;0,941379939383784;0,965134769846123;0,90144015996789;"Static REW"
"813";14,72;0,489864712305573;0,543296516275348;0,430181680181852;"Dynamic non-REW"
"814";14,72;0,492834021250901;0,550712376259675;0,427499631841194;"Static non-REW"
"815";14,72;0,932935589735255;0,963774958502116;0,87584182272308;"Dynamic REW"
"816";14,72;0,942204100757983;0,965751846688246;0,902465807753585;"Static REW"
"817";14,8;0,493281165024618;0,546658293472696;0,433619333889052;"Dynamic non-REW"
"818";14,8;0,496259946862438;0,554077905605996;0,430945350488007;"Static non-REW"
"819";14,8;0,934720561196513;0,965032245119683;0,878133293227329;"Dynamic REW"
"820";14,8;0,943825858548749;0,966959301055093;0,90449553827397;"Static REW"
"821";15;0,493281165024618;0,546658293472696;0,433619333889052;"Dynamic non-REW"
"822";15;0,496259946862438;0,554077905605996;0,430945350488007;"Static non-REW"
"823";15;0,934720561196513;0,965032245119683;0,878133293227329;"Dynamic REW"
"824";15;0,943825858548749;0,966959301055093;0,90449553827397;"Static REW"
