"";"x";"predicted";"conf.low";"conf.high";"group";"facet";"stimuli"
"1";0;0,0129446455393999;0,0159105657892451;0,00996978638357449;"NR";"L";"Familiar non-REW"
"3";0;0,0494023462814361;0,059099875771598;0,0396048677363311;"R";"L";"Familiar REW"
"5";0,04;0,0172458105108697;0,0208421681418154;0,0136362437855483;"NR";"L";"Familiar non-REW"
"7";0,04;0,0654087370876972;0,076662181852214;0,0540181377340595;"R";"L";"Familiar REW"
"9";0,08;0,0252266994800364;0,0299329108590061;0,0204976562518148;"NR";"L";"Familiar non-REW"
"11";0,08;0,094577427603915;0,108299959470386;0,0806437172331633;"R";"L";"Familiar REW"
"13";0,12;0,0325928372245546;0,0382816873010352;0,0268703359065772;"NR";"L";"Familiar non-REW"
"15";0,12;0,120894086868895;0,136578779301013;0,104924470264436;"R";"L";"Familiar REW"
"17";0,16;0,0410738273287667;0,0478610314571586;0,0342382414605213;"NR";"L";"Familiar non-REW"
"19";0,16;0,150485221929653;0,168166102543232;0,132428528860934;"R";"L";"Familiar REW"
"21";0,2;0,0507063543969565;0,0587090656847143;0,0426356052841007;"NR";"L";"Familiar non-REW"
"23";0,2;0,183189602588478;0,202872321016587;0,163020877445341;"R";"L";"Familiar REW"
"25";0,24;0,0592006804840379;0,0682520580698885;0,0500613741435159;"NR";"L";"Familiar non-REW"
"27";0,24;0,211245157183191;0,23249950508328;0,189402213825967;"R";"L";"Familiar REW"
"29";0,28;0,0665078837274881;0,0764456133173825;0,056463221107091;"NR";"L";"Familiar non-REW"
"31";0,28;0,234801474782314;0,257281707350484;0,211640821573747;"R";"L";"Familiar REW"
"33";0,32;0,0723223421504778;0,0829551550928757;0,0615662454758875;"NR";"L";"Familiar non-REW"
"35";0,32;0,253168973954646;0,276552107140072;0,229030055973986;"R";"L";"Familiar REW"
"37";0,36;0,0811666337365995;0,0928402157432174;0,0693428328609023;"NR";"L";"Familiar non-REW"
"39";0,36;0,280476950826076;0,305119403873068;0,254960605925494;"R";"L";"Familiar REW"
"41";0,4;0,0885096553172731;0,101033143786791;0,0758117023918501;"NR";"L";"Familiar non-REW"
"43";0,4;0,302580031371036;0,328170304194586;0,276015014401355;"R";"L";"Familiar REW"
"45";0,44;0,094298878489902;0,107482871818305;0,0809201351958181;"NR";"L";"Familiar non-REW"
"47";0,44;0,319647254177312;0,345928826976712;0,29230964787988;"R";"L";"Familiar REW"
"49";0,48;0,100726763886194;0,114633646514034;0,0866014390466495;"NR";"L";"Familiar non-REW"
"51";0,48;0,338231685565211;0,365227895491089;0,310087354376308;"R";"L";"Familiar REW"
"53";0,52;0,107246206993244;0,121875265869913;0,0923734363119763;"NR";"L";"Familiar non-REW"
"55";0,52;0,35669292737015;0,384360117188986;0,327782359053845;"R";"L";"Familiar REW"
"57";0,56;0,115011266217993;0,13048694129416;0,0992601536234767;"NR";"L";"Familiar non-REW"
"59";0,56;0,378179038306133;0,406572482614302;0,348427066366429;"R";"L";"Familiar REW"
"61";0,6;0,123482719067539;0,139865721631558;0,106787668978195;"NR";"L";"Familiar non-REW"
"63";0,6;0,401006755736187;0,430104868216331;0,370422931056226;"R";"L";"Familiar REW"
"65";0,64;0,132702535999236;0,150053492360899;0,114997374185868;"NR";"L";"Familiar non-REW"
"67";0,64;0,425137241299995;0,45490791991908;0,393740611143861;"R";"L";"Familiar REW"
"69";0,68;0,141189187205689;0,15941262042379;0,12257068082051;"NR";"L";"Familiar non-REW"
"71";0,68;0,446703545341869;0,477010314181831;0,414640527263296;"R";"L";"Familiar REW"
"73";0,72;0,147652018501428;0,166528080949967;0,128348460266388;"NR";"L";"Familiar non-REW"
"75";0,72;0,462719254842132;0,493382403181156;0,430200212290263;"R";"L";"Familiar REW"
"77";0,76;0,155130939632209;0,174750794586413;0,135044633203834;"NR";"L";"Familiar non-REW"
"79";0,76;0,480820213507568;0,511839742808706;0,44782958724823;"R";"L";"Familiar REW"
"81";0,8;0,162089443448091;0,182389143685418;0,141285740815807;"NR";"L";"Familiar non-REW"
"83";0,8;0,497251088506514;0,528554487067311;0,463869183024821;"R";"L";"Familiar REW"
"85";0,84;0,165930891673916;0,186600472226004;0,144736069164325;"NR";"L";"Familiar non-REW"
"87";0,84;0,50615453304034;0,537596010415252;0,472575170781681;"R";"L";"Familiar REW"
"89";0,88;0,172388936926453;0,193673270360621;0,150542768155461;"NR";"L";"Familiar non-REW"
"91";0,88;0,520857889581097;0,552498356586393;0,486980293020977;"R";"L";"Familiar REW"
"93";0,92;0,179582811636841;0,201540959238672;0,157020800566141;"NR";"L";"Familiar non-REW"
"95";0,92;0,536850922110917;0,568669820214079;0,502684768183917;"R";"L";"Familiar REW"
"97";0,96;0,186203790145004;0,208772183113201;0,162991673143986;"NR";"L";"Familiar non-REW"
"99";0,96;0,551216692465955;0,583161680545931;0,516823555509536;"R";"L";"Familiar REW"
"101";1;0,191890385510547;0,214975645634022;0,168126255703597;"NR";"L";"Familiar non-REW"
"103";1;0,563288546711283;0,595311977737713;0,528731064568214;"R";"L";"Familiar REW"
"105";1,04;0,196964739043326;0,220504609131826;0,172713991776751;"NR";"L";"Familiar non-REW"
"107";1,04;0,573855518854581;0,605928358830709;0,539172323408361;"R";"L";"Familiar REW"
"109";1,08;0,203470384533675;0,227583827375879;0,178604163401331;"NR";"L";"Familiar non-REW"
"111";1,08;0,587123774272202;0,619232745419494;0,552307148998313;"R";"L";"Familiar REW"
"113";1,12;0,211128715556409;0,235902730276687;0,185551463042096;"NR";"L";"Familiar non-REW"
"115";1,12;0,602346853842598;0,634462468111437;0,567409606800413;"R";"L";"Familiar REW"
"117";1,16;0,218221356023023;0,243592296575703;0,191999439704743;"NR";"L";"Familiar non-REW"
"119";1,16;0,61606983800626;0,648159631142417;0,581053277748794;"R";"L";"Familiar REW"
"121";1,2;0,226539309720602;0,252591734938867;0,199578774582389;"NR";"L";"Familiar non-REW"
"123";1,2;0,631711797338106;0,663731604511071;0,596643032650406;"R";"L";"Familiar REW"
"125";1,24;0,230944228770077;0,257349733580683;0,203599855806007;"NR";"L";"Familiar non-REW"
"127";1,24;0,63980089107764;0,671765390941552;0,604723589506191;"R";"L";"Familiar REW"
"129";1,28;0,236877011212777;0,263750631733912;0,209022484614108;"NR";"L";"Familiar non-REW"
"131";1,28;0,650486209246322;0,682354307982893;0,615420913939463;"R";"L";"Familiar REW"
"133";1,32;0,245545415369079;0,273086473501712;0,216960890778037;"NR";"L";"Familiar non-REW"
"135";1,32;0,665672896625912;0,69736048147689;0,63066749314177;"R";"L";"Familiar REW"
"137";1,36;0,25129985841198;0,279272253781591;0,222241817447593;"NR";"L";"Familiar non-REW"
"139";1,36;0,675479999144835;0,707023969339343;0,640539771401924;"R";"L";"Familiar REW"
"141";1,4;0,253239764188851;0,281355123388447;0,224024455001927;"NR";"L";"Familiar non-REW"
"143";1,4;0,678737428666714;0,71022939449232;0,643822948988044;"R";"L";"Familiar REW"
"145";1,44;0,257936860573166;0,286393645734261;0,228345292044652;"NR";"L";"Familiar non-REW"
"147";1,44;0,686524017577168;0,717882661257453;0,651679715986418;"R";"L";"Familiar REW"
"149";1,48;0,26189128400553;0,290630624303049;0,231987600124775;"NR";"L";"Familiar non-REW"
"151";1,48;0,692969995838733;0,72420794949585;0,65819383378547;"R";"L";"Familiar REW"
"153";1,52;0,265484809631171;0,294476727818091;0,235301532699192;"NR";"L";"Familiar non-REW"
"155";1,52;0,698741812600006;0,729864028712583;0,664034023151374;"R";"L";"Familiar REW"
"157";1,56;0,26789808360266;0,297057486074307;0,237529093240597;"NR";"L";"Familiar non-REW"
"159";1,56;0,702572438054012;0,733613977819324;0,667913676997906;"R";"L";"Familiar REW"
"161";1,6;0,269917182314627;0,299215661474309;0,23939378867858;"NR";"L";"Familiar non-REW"
"163";1,6;0,705749482642192;0,736720966934058;0,671134590715198;"R";"L";"Familiar REW"
"165";1,64;0,274804163461963;0,304434344782221;0,243911775420476;"NR";"L";"Familiar non-REW"
"167";1,64;0,713334752523074;0,744128422135262;0,678835121912413;"R";"L";"Familiar REW"
"169";1,68;0,280997302005323;0,311037535027725;0,249647250747646;"NR";"L";"Familiar non-REW"
"171";1,68;0,722737530228408;0,753291837229398;0,688399134100303;"R";"L";"Familiar REW"
"173";1,72;0,283085420934691;0,313261002650717;0,251583912286576;"NR";"L";"Familiar non-REW"
"175";1,72;0,725855558962983;0,756326186530507;0,69157467730562;"R";"L";"Familiar REW"
"177";1,76;0,286450189739385;0,316840916863976;0,254707513533005;"NR";"L";"Familiar non-REW"
"179";1,76;0,730825011259694;0,761156531525733;0,696641591138381;"R";"L";"Familiar REW"
"181";1,8;0,293259805214632;0,324076016148418;0,26103864508685;"NR";"L";"Familiar non-REW"
"183";1,8;0,740677098536572;0,770711905231826;0,706707985465169;"R";"L";"Familiar REW"
"185";1,84;0,296701776367805;0,327728364239585;0,264243253689082;"NR";"L";"Familiar non-REW"
"187";1,84;0,745553714721357;0,775431942037355;0,711700262809103;"R";"L";"Familiar REW"
"189";1,88;0,29973355433291;0,330942903379425;0,267068390120804;"NR";"L";"Familiar non-REW"
"191";1,88;0,749792441602647;0,779528231180699;0,716046083294796;"R";"L";"Familiar REW"
"193";1,92;0,301476236394383;0,332789360489805;0,268693543796073;"NR";"L";"Familiar non-REW"
"195";1,92;0,75220501418148;0,781857272706672;0,718522108168954;"R";"L";"Familiar REW"
"197";1,96;0,304543306187029;0,336036885537451;0,271555900570213;"NR";"L";"Familiar non-REW"
"199";1,96;0,756409048214878;0,785912245455315;0,72284004791504;"R";"L";"Familiar REW"
"201";2;0,310313781071832;0,342137733812213;0,276950351118553;"NR";"L";"Familiar non-REW"
"203";2;0,764174748502459;0,793390597050907;0,730827598114781;"R";"L";"Familiar REW"
"205";2,04;0,311210769707124;0,343084953379464;0,277790018346916;"NR";"L";"Familiar non-REW"
"207";2,04;0,765365157640561;0,79453555618134;0,732053350809309;"R";"L";"Familiar REW"
"209";2,08;0,314363366492704;0,346412369662013;0,280742824089069;"NR";"L";"Familiar non-REW"
"211";2,08;0,769513636833966;0,798522245098555;0,736328392027739;"R";"L";"Familiar REW"
"213";2,12;0,317992602511768;0,350239472887452;0,284145356912234;"NR";"L";"Familiar non-REW"
"215";2,12;0,774221578959304;0,803039807316625;0,741186811846916;"R";"L";"Familiar REW"
"217";2,16;0,323034180544715;0,35554926195372;0,288878585041118;"NR";"L";"Familiar non-REW"
"219";2,16;0,78064263404904;0,809189267372217;0,747825222751978;"R";"L";"Familiar REW"
"221";2,2;0,32488358955074;0,357494957550148;0,290616979564844;"NR";"L";"Familiar non-REW"
"223";2,2;0,782963718171257;0,811408773782223;0,750228318810277;"R";"L";"Familiar REW"
"225";2,24;0,328136259641654;0,360914846235116;0,293676464006275;"NR";"L";"Familiar non-REW"
"227";2,24;0,787001629472924;0,815264997033755;0,75441413311651;"R";"L";"Familiar REW"
"229";2,28;0,331404326422383;0,364348684379039;0,296752537529136;"NR";"L";"Familiar non-REW"
"231";2,28;0,79100218269582;0,819078617579634;0,758568682962957;"R";"L";"Familiar REW"
"233";2,32;0,335642155340798;0,368796827296131;0,30074599614332;"NR";"L";"Familiar non-REW"
"235";2,32;0,796106410157897;0,823936378908106;0,763877422712999;"R";"L";"Familiar REW"
"237";2,36;0,338975081409004;0,372290550553159;0,303891404879611;"NR";"L";"Familiar non-REW"
"239";2,36;0,8000552129482;0,827688781462315;0,767990046101111;"R";"L";"Familiar REW"
"241";2,4;0,341375148380561;0,374803890012823;0,306158998366728;"NR";"L";"Familiar non-REW"
"243";2,4;0,802863386079547;0,830354113318645;0,770917849478911;"R";"L";"Familiar REW"
"245";2,44;0,342822441455806;0,376318569891843;0,307527332697381;"NR";"L";"Familiar non-REW"
"247";2,44;0,804542551500713;0,831946547030552;0,7726698648626;"R";"L";"Familiar REW"
"249";2,48;0,346227168387389;0,379878307290763;0,310749937665574;"NR";"L";"Familiar non-REW"
"251";2,48;0,808450843822018;0,835649637941601;0,776750846344596;"R";"L";"Familiar REW"
"253";2,52;0,346716667837044;0,380389694796427;0,311213663656358;"NR";"L";"Familiar non-REW"
"255";2,52;0,809007929943465;0,83617710539534;0,777332887979366;"R";"L";"Familiar REW"
"257";2,56;0,348187842835629;0,381926313772669;0,312607707309828;"NR";"L";"Familiar non-REW"
"259";2,56;0,810674991741459;0,837754499205052;0,779075792077602;"R";"L";"Familiar REW"
"261";2,6;0,350649688068557;0,38449630637969;0,314941840356247;"NR";"L";"Familiar non-REW"
"263";2,6;0,8134404228205;0,840368503034458;0,781969871240971;"R";"L";"Familiar REW"
"265";2,64;0,352632715384529;0,386564682149748;0,316823813374382;"NR";"L";"Familiar non-REW"
"267";2,64;0,815646077772198;0,84245167782747;0,784279717028301;"R";"L";"Familiar REW"
"269";2,68;0,353628828004105;0,387603089235566;0,317769759050832;"NR";"L";"Familiar non-REW"
"271";2,68;0,816746682111083;0,843490590254236;0,785432846677736;"R";"L";"Familiar REW"
"273";2,72;0,357143369196018;0,391263317666081;0,321110983185414;"NR";"L";"Familiar non-REW"
"275";2,72;0,820590941719562;0,847116734472224;0,789462829159508;"R";"L";"Familiar REW"
"277";2,76;0,362240086091578;0,396561640734595;0,325966436267626;"NR";"L";"Familiar non-REW"
"279";2,76;0,826058968746656;0,852267056499939;0,795201519467021;"R";"L";"Familiar REW"
"281";2,8;0,363270263274904;0,397631144041518;0,326949337404067;"NR";"L";"Familiar non-REW"
"283";2,8;0,827148977129441;0,853292630907459;0,796346452859144;"R";"L";"Familiar REW"
"285";2,84;0,365338220899983;0,39977698665585;0,328923475282599;"NR";"L";"Familiar non-REW"
"287";2,84;0,829321714007113;0,855335340517393;0,798630312243107;"R";"L";"Familiar REW"
"289";2,88;0,370040084620235;0,404649518295514;0,333418705148097;"NR";"L";"Familiar non-REW"
"291";2,88;0,834186260416562;0,859901731940551;0,803750634354899;"R";"L";"Familiar REW"
"293";2,92;0,370566862029164;0,405194838046225;0,333922937261592;"NR";"L";"Familiar non-REW"
"295";2,92;0,834724773946821;0,860406593147344;0,804318119581664;"R";"L";"Familiar REW"
"297";2,96;0,371093639438068;0,405740142525478;0,334427177975398;"NR";"L";"Familiar non-REW"
"299";2,96;0,835261987225187;0,860910033840925;0,804884467209111;"R";"L";"Familiar REW"
"301";3;0,37320495393277;0,407925047338627;0,336448826270284;"NR";"L";"Familiar non-REW"
"303";3;0,837402120500065;0,862913883156252;0,807142612055969;"R";"L";"Familiar REW"
"305";3,08;0,37639879732494;0,411226611427244;0,339510807510407;"NR";"L";"Familiar non-REW"
"307";3,08;0,840600218422134;0,865905125383318;0,810520048288927;"R";"L";"Familiar REW"
"309";3,12;0,379627135873198;0,414559325050586;0,342610605971054;"NR";"L";"Familiar non-REW"
"311";3,12;0,843785131278619;0,868880879972347;0,813886142581709;"R";"L";"Familiar REW"
"313";3,16;0,380709306101414;0,415675653934751;0,343650549336231;"NR";"L";"Familiar non-REW"
"315";3,16;0,844842088125003;0,86986739178232;0,815004264133864;"R";"L";"Familiar REW"
"317";3,2;0,381793527542504;0,416793801257048;0,344692763190628;"NR";"L";"Familiar non-REW"
"319";3,2;0,845895711682325;0,870850226487524;0,81611944773869;"R";"L";"Familiar REW"
"321";3,24;0,383419859703909;0,418470902099709;0,346256153337436;"NR";"L";"Familiar non-REW"
"323";3,24;0,847466169787482;0,872313609350452;0,817783483103072;"R";"L";"Familiar REW"
"325";3,28;0,383961970424316;0,419029903724558;0,346777301763969;"NR";"L";"Familiar non-REW"
"327";3,28;0,847987004036217;0,872798517448733;0,818335836356532;"R";"L";"Familiar REW"
"329";3,32;0,385049061820907;0,420150512286529;0,347822729207594;"NR";"L";"Familiar non-REW"
"331";3,32;0,849027447866855;0,873766716454139;0,819439763766309;"R";"L";"Familiar REW"
"333";3,36;0,385594308524925;0,420712358346498;0,348347303527042;"NR";"L";"Familiar non-REW"
"335";3,36;0,84954730117521;0,874250312316738;0,819991484665326;"R";"L";"Familiar REW"
"337";3,4;0,386687269217303;0,421838279283311;0,349399152067953;"NR";"L";"Familiar non-REW"
"339";3,4;0,850585354695143;0,875215474984019;0,821093711510165;"R";"L";"Familiar REW"
"341";3,44;0,38888436619835;0,424100183203894;0,351515129915358;"NR";"L";"Familiar non-REW"
"343";3,44;0,852655968530167;0,877139330818856;0,823293623952399;"R";"L";"Familiar REW"
"345";3,48;0,389989201134886;0,425236811957685;0,352580014737029;"NR";"L";"Familiar non-REW"
"347";3,48;0,853689107640234;0,878098502051731;0,824392008437866;"R";"L";"Familiar REW"
"349";3,52;0,390542302201537;0,42580573254376;0,353113211925072;"NR";"L";"Familiar non-REW"
"351";3,52;0,85420429035655;0,878576499269991;0,824940074840193;"R";"L";"Familiar REW"
"353";3,56;0,392209495871652;0,427519589188324;0,354721506741455;"NR";"L";"Familiar non-REW"
"355";3,56;0,855749037444301;0,880009314124943;0,826583704839284;"R";"L";"Familiar REW"
"357";3,6;0,392767592128616;0,428092991302807;0,355260223144931;"NR";"L";"Familiar non-REW"
"359";3,6;0,856263417756846;0,880486190931448;0,827131230809551;"R";"L";"Familiar REW"
"361";3,64;0,393327173965161;0,428667730982556;0,355800577338193;"NR";"L";"Familiar non-REW"
"363";3,64;0,856777798067427;0,880963038135169;0,827678741081219;"R";"L";"Familiar REW"
"365";3,68;0,396699380303769;0,432129236125482;0,359059030891961;"NR";"L";"Familiar non-REW"
"367";3,68;0,859848714932466;0,883806227002414;0,830951502827186;"R";"L";"Familiar REW"
"369";3,72;0,39726354365102;0,432708024380136;0,359604486886724;"NR";"L";"Familiar non-REW"
"371";3,72;0,860357656593776;0,884276842376311;0,831494538583261;"R";"L";"Familiar REW"
"373";3,76;0,398392466144735;0,433866080561287;0,360696096163523;"NR";"L";"Familiar non-REW"
"375";3,76;0,861371953727934;0,885214148799113;0,832577490935036;"R";"L";"Familiar REW"
"377";3,8;0,39895782291136;0,434445881316101;0,361242917865896;"NR";"L";"Familiar non-REW"
"379";3,8;0,861877845199921;0,885681380860768;0,833117913859845;"R";"L";"Familiar REW"
"381";3,84;0,400088536444492;0,43560543096897;0,362336592424715;"NR";"L";"Familiar non-REW"
"383";3,84;0,86288551259816;0,886611392982669;0,834195135207934;"R";"L";"Familiar REW"
"385";3,88;0,4012197358324;0,436765357800827;0,363430837001263;"NR";"L";"Familiar non-REW"
"387";3,88;0,8638881383005;0,887535900382669;0,835267974772914;"R";"L";"Familiar REW"
"389";3,92;0,401786065604793;0,437345965800753;0,363978769273574;"NR";"L";"Familiar non-REW"
"391";3,92;0,864388047368318;0,887996555324143;0,835803249178622;"R";"L";"Familiar REW"
"393";3,96;0,402353948299191;0,437927968226992;0,364528418204924;"NR";"L";"Familiar non-REW"
"395";3,96;0,864887956434048;0,888457180823966;0,836338507028787;"R";"L";"Familiar REW"
"397";4;0,404064502523639;0,439680130596302;0,366185037253198;"NR";"L";"Familiar non-REW"
"399";4;0,866385493392366;0,889836411608692;0,837942494097169;"R";"L";"Familiar REW"
"401";4,08;0,40520833902022;0,440851284495586;0,367293333309476;"NR";"L";"Familiar non-REW"
"403";4,08;0,867379983793748;0,89075141361385;0,839008729720495;"R";"L";"Familiar REW"
"405";4,12;0,405781008767143;0,441437523416408;0,367848317163227;"NR";"L";"Familiar non-REW"
"407";4,12;0,867875811629961;0,89120730278521;0,839540689776479;"R";"L";"Familiar REW"
"409";4,16;0,408083909611017;0,443793359965625;0,370081849364968;"NR";"L";"Familiar non-REW"
"411";4,16;0,869855814083868;0,893026839412309;0,841665806313273;"R";"L";"Familiar REW"
"413";4,2;0,409823335200084;0,445571112215009;0,371770657431135;"NR";"L";"Familiar non-REW"
"415";4,2;0,871336671269319;0,894386515961361;0,843256263054414;"R";"L";"Familiar REW"
"417";4,28;0,410406447945922;0,446166647072777;0,372337265738085;"NR";"L";"Familiar non-REW"
"419";4,28;0,871830290326526;0,894839680063271;0,843786377906929;"R";"L";"Familiar REW"
"421";4,4;0,412159570390513;0,447956577507144;0,374041322468728;"NR";"L";"Familiar non-REW"
"423";4,4;0,873305880579573;0,896193236196926;0,845372311902838;"R";"L";"Familiar REW"
"425";4,48;0,413921370968616;0,449754220225859;0,375755031600064;"NR";"L";"Familiar non-REW"
"427";4,48;0,874776024242003;0,89754029623029;0,846954036292313;"R";"L";"Familiar REW"
"429";4,52;0,414509352275141;0,450354047990248;0,376327075056504;"NR";"L";"Familiar non-REW"
"431";4,52;0,875263835939773;0,897986833538266;0,847479387572034;"R";"L";"Familiar REW"
"433";4,56;0,415097333581617;0,450953857224636;0,37689913009132;"NR";"L";"Familiar non-REW"
"435";4,56;0,875750234630982;0,898431851056416;0,848003489727561;"R";"L";"Familiar REW"
"437";4,6;0,416274692610188;0,452154683846546;0,378044815862058;"NR";"L";"Familiar non-REW"
"439";4,6;0,876719950504063;0,899318501877699;0,849049022043163;"R";"L";"Familiar REW"
"441";4,68;0,418645069298133;0,454570210856156;0,380353691385493;"NR";"L";"Familiar non-REW"
"443";4,68;0,878655213707005;0,901086676062325;0,851136767279496;"R";"L";"Familiar REW"
"445";4,72;0,420431973619937;0,456389819271427;0,382095646641693;"NR";"L";"Familiar non-REW"
"447";4,72;0,880099119966623;0,902404433050432;0,852695962715119;"R";"L";"Familiar REW"
"449";4,84;0,421027608393764;0,456996317566177;0,382676322304504;"NR";"L";"Familiar non-REW"
"451";4,84;0,880577573461031;0,902840627463875;0,853213173488202;"R";"L";"Familiar REW"
"453";4,96;0,423422740740726;0,459433349817124;0,385013234200687;"NR";"L";"Familiar non-REW"
"455";4,96;0,88248719885751;0,904580319998105;0,85527871784856;"R";"L";"Familiar REW"
"457";5;0,425229120416435;0,461269953656846;0,386777169271092;"NR";"L";"Familiar non-REW"
"459";5;0,883912338639094;0,905877053447354;0,856821895044406;"R";"L";"Familiar REW"
"461";5,08;0,425832012823141;0,461882809695096;0,387366017220279;"NR";"L";"Familiar non-REW"
"463";5,08;0,884385119133706;0,906306794637313;0,857334364578686;"R";"L";"Familiar REW"
"465";5,12;0,427040655763129;0,463110973687246;0,388546991912048;"NR";"L";"Familiar non-REW"
"467";5,12;0,885328611928955;0,907163898990074;0,858357609818896;"R";"L";"Familiar REW"
"469";5,16;0,427644977233035;0,463725026566155;0,389137497897831;"NR";"L";"Familiar non-REW"
"471";5,16;0,885798207586888;0,907590150463033;0,858867323605476;"R";"L";"Familiar REW"
"473";5,24;0,428251147440412;0,464340716497755;0,389730075681895;"NR";"L";"Familiar non-REW"
"475";5,24;0,886267803242101;0,908016370080163;0,859377015337945;"R";"L";"Familiar REW"
"477";5,28;0,428857317647729;0,46495638693546;0,390322665967048;"NR";"L";"Familiar non-REW"
"479";5,28;0,886735962989071;0,908441054292451;0,85988543248423;"R";"L";"Familiar REW"
"481";5,4;0,429465351898985;0,465573706904345;0,390917346528293;"NR";"L";"Familiar non-REW"
"483";5,4;0,887204122733286;0,908865706441964;0,860393827266949;"R";"L";"Familiar REW"
"485";5,48;0,430074849001846;0,466192289281157;0,39151370199793;"NR";"L";"Familiar non-REW"
"487";5,48;0,887671964650347;0,909289936189845;0,860902010256327;"R";"L";"Familiar REW"
"489";5,52;0,430684346104645;0,466810851987861;0,392110070171727;"NR";"L";"Familiar non-REW"
"491";5,52;0,888138363586786;0,909712623531561;0,861408912402986;"R";"L";"Familiar REW"
"493";5,56;0,431904285189187;0,468048763499837;0,393303898850305;"NR";"L";"Familiar non-REW"
"495";5,56;0,889067561631924;0,910554136778963;0,862419507854974;"R";"L";"Familiar REW"
"497";5,6;0,432515676004273;0,468668960597316;0,393902418456639;"NR";"L";"Familiar non-REW"
"499";5,6;0,889531080342546;0,9109737156324;0,862923828653841;"R";"L";"Familiar REW"
"501";5,64;0,433128975422888;0,46929084342852;0,394503082288871;"NR";"L";"Familiar non-REW"
"503";5,64;0,889994599050316;0,911393261991565;0,863428126234048;"R";"L";"Familiar REW"
"505";5,72;0,434358570198653;0,470537169428366;0,395707859676801;"NR";"L";"Familiar non-REW"
"507";5,72;0,890919547164095;0,912229958109792;0,864435006129197;"R";"L";"Familiar REW"
"509";5,8;0,436822502587585;0,473033829822279;0,398122855809238;"NR";"L";"Familiar non-REW"
"511";5,8;0,892755610180804;0,913888372722612;0,866436629856699;"R";"L";"Familiar REW"
"513";5,84;0,437440471554833;0,473659722768251;0,398728851402143;"NR";"L";"Familiar non-REW"
"515";5,84;0,893212481657654;0,91430059956815;0,866935194222447;"R";"L";"Familiar REW"
"517";5,88;0,439297884229439;0,475540377838536;0,400550873041674;"NR";"L";"Familiar non-REW"
"519";5,88;0,89457698700025;0,915530659712835;0,868425494597662;"R";"L";"Familiar REW"
"521";5,96;0,439919370430407;0,476169296200442;0,401160891593892;"NR";"L";"Familiar non-REW"
"523";5,96;0,89503064213919;0,915939346957495;0,868921240902813;"R";"L";"Familiar REW"
"525";6;0,441787833239418;0,478059494199722;0,402995514514104;"NR";"L";"Familiar non-REW"
"527";6;0,89638579946715;0,917159163549189;0,870403257475117;"R";"L";"Familiar REW"
"529";6,08;0,442413338147881;0,478691907593686;0,403610091605737;"NR";"L";"Familiar non-REW"
"531";6,08;0,896836547874792;0,917564692284998;0,870896365290655;"R";"L";"Familiar REW"
"533";6,2;0,44304012312403;0,479325448702322;0,404226106928843;"NR";"L";"Familiar non-REW"
"535";6,2;0,897286756007467;0,91796953232436;0,871389121744549;"R";"L";"Familiar REW"
"537";6,24;0,443666908100105;0,479958969258561;0,404842135818354;"NR";"L";"Familiar non-REW"
"539";6,24;0,897735503038323;0,918372819244109;0,87188057651899;"R";"L";"Familiar REW"
"541";6,28;0,44492537319347;0,481230282755239;0,406079747752432;"NR";"L";"Familiar non-REW"
"543";6,28;0,898632102418439;0,919178333635103;0,872862672569584;"R";"L";"Familiar REW"
"545";6,32;0,446186251081559;0,482503610725615;0,407320176820644;"NR";"L";"Familiar non-REW"
"547";6,32;0,899524551431995;0,919979314159284;0,873841174205419;"R";"L";"Familiar REW"
"549";6,4;0,447447783656464;0,483777441957046;0,408561390762103;"NR";"L";"Familiar non-REW"
"551";6,4;0,900411609447161;0,920774516442281;0,874814932171677;"R";"L";"Familiar REW"
"553";6,52;0,448711943435919;0,485053541941608;0,409805589388599;"NR";"L";"Familiar non-REW"
"555";6,52;0,901294665852203;0,921565250159296;0,875785375627318;"R";"L";"Familiar REW"
"557";6,56;0,450614127649991;0,486972810041594;0,411678673868627;"NR";"L";"Familiar non-REW"
"559";6,56;0,902612425180429;0,9227436745409;0,877235428000537;"R";"L";"Familiar REW"
"561";6,6;0,451886903287876;0,488256318344595;0,412932728713876;"NR";"L";"Familiar non-REW"
"563";6,6;0,903486826672959;0,92352463298479;0,878198784926355;"R";"L";"Familiar REW"
"565";6,64;0,452524300999114;0,488898942982731;0,413560905653965;"NR";"L";"Familiar non-REW"
"567";6,64;0,90392252294816;0,923913437973289;0,878679212849619;"R";"L";"Familiar REW"
"569";6,72;0,453163374343534;0,489542998397563;0,41419102055486;"NR";"L";"Familiar non-REW"
"571";6,72;0,904357896064916;0,924301819626155;0,879159419685471;"R";"L";"Familiar REW"
"573";6,84;0,455091455638159;0,491484640113862;0,416093701112539;"NR";"L";"Familiar non-REW"
"575";6,84;0,905662537001531;0,925465234542941;0,880598578791871;"R";"L";"Familiar REW"
"577";6,88;0,455737077638658;0,492134397365233;0,416731262915757;"NR";"L";"Familiar non-REW"
"579";6,88;0,906096429426286;0,925851950442598;0,881077376692612;"R";"L";"Familiar REW"
"581";6,96;0,457029430960002;0,493434825985282;0,418007683972658;"NR";"L";"Familiar non-REW"
"583";6,96;0,906960504220823;0,92662144708026;0,882031636896524;"R";"L";"Familiar REW"
"585";7;0,457677276748279;0,494086480522515;0,418647802772839;"NR";"L";"Familiar non-REW"
"587";7;0,907391428185889;0,92700499423378;0,882507748531226;"R";"L";"Familiar REW"
"589";7,08;0,458974966007422;0,495391469335492;0,419930362609586;"NR";"L";"Familiar non-REW"
"591";7,08;0,908250143695068;0,927768724463336;0,883457185693714;"R";"L";"Familiar REW"
"593";7,28;0,460930533808108;0,497356675144343;0,421864620476435;"NR";"L";"Familiar non-REW"
"595";7,28;0,909533004049763;0,928908556440424;0,88487675947385;"R";"L";"Familiar REW"
"597";7,32;0,461582389741478;0,498011699844636;0,422509403213627;"NR";"L";"Familiar non-REW"
"599";7,32;0,909957647983313;0,929285364079913;0,885347282762522;"R";"L";"Familiar REW"
"601";7,4;0,462236027857969;0,498668238115948;0,423156257550546;"NR";"L";"Familiar non-REW"
"603";7,4;0,910381964380245;0,929661743835321;0,88581757998748;"R";"L";"Familiar REW"
"605";7,44;0,46289196894624;0,499326780282927;0,423805736633031;"NR";"L";"Familiar non-REW"
"607";7,44;0,910806280773424;0,930038088686769;0,886287847199442;"R";"L";"Familiar REW"
"609";7,52;0,464207469190564;0,500646909782472;0,425108922533903;"NR";"L";"Familiar non-REW"
"611";7,52;0,911652754309318;0,930788337351245;0,887226581150914;"R";"L";"Familiar REW"
"613";7,56;0,465524878503677;0,50196863251547;0,426414330203041;"NR";"L";"Familiar non-REW"
"615";7,56;0,912494461240708;0,931533495549105;0,888161088769388;"R";"L";"Familiar REW"
"617";7,64;0,467511473937897;0,503960238976522;0,428384471029591;"NR";"L";"Familiar non-REW"
"619";7,64;0,913752435386717;0,932645990133991;0,88955902675252;"R";"L";"Familiar REW"
"621";7,72;0,468174909711732;0,504625124475174;0,429042649043372;"NR";"L";"Familiar non-REW"
"623";7,72;0,914169535510008;0,933014428649386;0,890023052934663;"R";"L";"Familiar REW"
"625";7,8;0,468839855608728;0,505291321976178;0,429702547129826;"NR";"L";"Familiar non-REW"
"627";7,8;0,914586079660554;0,933382168957284;0,890486710936667;"R";"L";"Familiar REW"
"629";7,88;0,469507214734763;0,505959610677674;0,430365206366032;"NR";"L";"Familiar non-REW"
"631";7,88;0,915002623807075;0,933749873649155;0,890950336888082;"R";"L";"Familiar REW"
"633";7,92;0,470177007738978;0,506630006533115;0,431030652764527;"NR";"L";"Familiar non-REW"
"635";7,92;0,91541916794951;0,934117542296069;0,891413930207306;"R";"L";"Familiar REW"
"637";8,04;0,470846800743079;0,507300379487245;0,431696115388858;"NR";"L";"Familiar non-REW"
"639";8,04;0,915834193796498;0,93448361664671;0,89187616026229;"R";"L";"Familiar REW"
"641";8,16;0,472191302601988;0,50864535481183;0,433032690792411;"NR";"L";"Familiar non-REW"
"643";8,16;0,916662723331174;0,935214094707642;0,892799187551128;"R";"L";"Familiar REW"
"645";8,2;0,472863553531268;0,509317807981169;0,43370100298032;"NR";"L";"Familiar non-REW"
"647";8,2;0,917074708526603;0,935576941827232;0,893258653640653;"R";"L";"Familiar REW"
"649";8,28;0,474209023380873;0,510663472827546;0,435038801024011;"NR";"L";"Familiar non-REW"
"651";8,28;0,917894725808957;0,936298450740681;0,894174064392943;"R";"L";"Familiar REW"
"653";8,36;0,475558657737837;0,512012627920721;0,436381477861161;"NR";"L";"Familiar non-REW"
"655";8,36;0,918711214279496;0,937016119983137;0,895086382703879;"R";"L";"Familiar REW"
"657";8,44;0,47691412688482;0,513366788190121;0,437730874070366;"NR";"L";"Familiar non-REW"
"659";8,44;0,919525146478731;0,937730982755576;0,895996398596613;"R";"L";"Familiar REW"
"661";8,48;0,477594974061604;0,514046555431064;0,438409143559466;"NR";"L";"Familiar non-REW"
"663";8,48;0,919931689730346;0,938087857250155;0,896451099498513;"R";"L";"Familiar REW"
"665";8,6;0,478956668414795;0,515406019589859;0,439765733037717;"NR";"L";"Familiar non-REW"
"667";8,6;0,920740197187789;0,938796816557952;0,897356379382144;"R";"L";"Familiar REW"
"669";8,88;0,481680057119654;0,518124666317031;0,442479113562105;"NR";"L";"Familiar non-REW"
"671";8,88;0,922339000983774;0,940195719732657;0,899150516631303;"R";"L";"Familiar REW"
"673";8,92;0,482360904295548;0,51880426927097;0,443157500595926;"NR";"L";"Familiar non-REW"
"675";8,92;0,922734929787232;0,940541513715748;0,899595643144297;"R";"L";"Familiar REW"
"677";9;0,483041751471313;0,519483848711729;0,4438359043596;"NR";"L";"Familiar non-REW"
"679";9;0,923129357202213;0,94088574513285;0,900039411180522;"R";"L";"Familiar REW"
"681";9,2;0,483722598646949;0,520163404628123;0,444514324837423;"NR";"L";"Familiar non-REW"
"683";9,2;0,923522286955958;0,941228419046374;0,900481823058975;"R";"L";"Familiar REW"
"685";9,24;0,485777627517769;0,522212770604795;0,446564009892082;"NR";"L";"Familiar non-REW"
"687";9,24;0,924699238284506;0,94225430212983;0,901807322033201;"R";"L";"Familiar REW"
"689";9,32;0,486465773563822;0,522898547734952;0,447250892929793;"NR";"L";"Familiar non-REW"
"691";9,32;0,925090327600233;0,942594906787667;0,902248063629399;"R";"L";"Familiar REW"
"693";9,4;0,487153919609736;0,52358430104332;0,447937793091969;"NR";"L";"Familiar non-REW"
"695";9,4;0,92547990605296;0,942933941276946;0,902687437574304;"R";"L";"Familiar REW"
"697";9,6;0,487843750781629;0,524271506273037;0,448626628271766;"NR";"L";"Familiar non-REW"
"699";9,6;0,925868925923246;0,943272282448613;0,90312643658199;"R";"L";"Familiar REW"
"701";9,68;0,489913244296465;0,526332978024365;0,450693237500621;"NR";"L";"Familiar non-REW"
"703";9,68;0,927026937368908;0,944277919892269;0,904435228199199;"R";"L";"Familiar REW"
"705";9,76;0,490603075467793;0,527020087249752;0,451382141761505;"NR";"L";"Familiar non-REW"
"707";9,76;0,927409937914341;0,944610021014612;0,904868764889946;"R";"L";"Familiar REW"
"709";9,92;0,491292906638978;0,527707172439472;0,452071063258621;"NR";"L";"Familiar non-REW"
"711";9,92;0,927791443206018;0,944940575098062;0,905300941963051;"R";"L";"Familiar REW"
"713";10,04;0,492672568980918;0,529081270655672;0,453448957906644;"NR";"L";"Familiar non-REW"
"715";10,04;0,928549983310629;0,945597062814892;0,90616122678191;"R";"L";"Familiar REW"
"717";10,12;0,494053590546842;0,530456454403593;0,454828478339748;"NR";"L";"Familiar non-REW"
"719";10,12;0,929303326741351;0,946248167899948;0,907016758042087;"R";"L";"Familiar REW"
"721";10,24;0,494746147401257;0,531145788578655;0,455520608864792;"NR";"L";"Familiar non-REW"
"723";10,24;0,929678885261794;0,94657254522408;0,907443482030654;"R";"L";"Familiar REW"
"725";10,28;0,496131261109642;0,532524384356166;0,456904921807961;"NR";"L";"Familiar non-REW"
"727";10,28;0,93042555405803;0,947216714596832;0,908292871670289;"R";"L";"Familiar REW"
"729";10,32;0,498208931671094;0,534592096361648;0,458981520755774;"NR";"L";"Familiar non-REW"
"731";10,32;0,931534494159672;0,948171583005515;0,90955684618979;"R";"L";"Familiar REW"
"733";10,36;0,499594045377971;0,535970449744033;0,460366006253147;"NR";"L";"Familiar non-REW"
"735";10,36;0,932266456793345;0,948800631578565;0,910392783802248;"R";"L";"Familiar REW"
"737";10,4;0,501671715937138;0,538037797570565;0,462442863526331;"NR";"L";"Familiar non-REW"
"739";10,4;0,933353480863266;0,949733011347696;0,911636669867643;"R";"L";"Familiar REW"
"741";10,48;0,502364272789885;0,538726864849541;0,463135183636558;"NR";"L";"Familiar non-REW"
"743";10,48;0,933712925463705;0,950040840179127;0,912048635999189;"R";"L";"Familiar REW"
"745";10,56;0,503059624931956;0,539418337734124;0,463830724050377;"NR";"L";"Familiar non-REW"
"747";10,56;0,934072370059368;0,950348634392565;0,912460567067706;"R";"L";"Familiar REW"
"749";10,6;0,503757798978472;0,540112236655493;0,464529518498588;"NR";"L";"Familiar non-REW"
"751";10,6;0,934431814650177;0,950656393514344;0,912872462386419;"R";"L";"Familiar REW"
"753";10,64;0,504458821945562;0,540808582328243;0,465231601251062;"NR";"L";"Familiar non-REW"
"755";10,64;0,93479125923605;0,95096411706161;0,913284321251796;"R";"L";"Familiar REW"
"757";10,68;0,505159844912485;0,541504903414641;0,46593370155825;"NR";"L";"Familiar non-REW"
"759";10,68;0,935149238019071;0,951270340209362;0,913694834981894;"R";"L";"Familiar REW"
"761";10,76;0,505860867879243;0,542201199896299;0,466635819408561;"NR";"L";"Familiar non-REW"
"763";10,76;0,935505754912877;0,951575068211977;0,914104006019752;"R";"L";"Familiar REW"
"765";10,84;0,506561890845834;0,542897471754714;0,467337954790344;"NR";"L";"Familiar non-REW"
"767";10,84;0,935860813826185;0,951878306312954;0,914511836807051;"R";"L";"Familiar REW"
"769";10,96;0,507262913812258;0,543593718971273;0,46804010769189;"NR";"L";"Familiar non-REW"
"771";10,96;0,936214418662787;0,952180059744915;0,91491832978412;"R";"L";"Familiar REW"
"773";11;0,509368875703485;0,545684821324298;0,470149994041268;"NR";"L";"Familiar non-REW"
"775";11;0,937267986049774;0,953077893680645;0,916131097196118;"R";"L";"Familiar REW"
"777";11,04;0,510072799752203;0,546383485007596;0,470855549545711;"NR";"L";"Familiar non-REW"
"779";11,04;0,937617244016651;0,953375180247039;0,916533548768714;"R";"L";"Familiar REW"
"781";11,16;0,510776723800747;0,547082123905068;0,471561122650489;"NR";"L";"Familiar non-REW"
"783";11,16;0,937965055485596;0,953670994047675;0,916934666267924;"R";"L";"Familiar REW"
"785";11,2;0,511480647849116;0,547780737996806;0,472266713344391;"NR";"L";"Familiar non-REW"
"787";11,2;0,938311424379085;0,953965340325323;0,91733445214909;"R";"L";"Familiar REW"
"789";11,24;0,512888495945327;0,549177891682867;0,473677947454405;"NR";"L";"Familiar non-REW"
"791";11,24;0,938999850104552;0,954549651227374;0,918130038872041;"R";"L";"Familiar REW"
"793";11,28;0,513592419993168;0,549876431236787;0,474383590847778;"NR";"L";"Familiar non-REW"
"795";11,28;0,939341914756426;0,954839626281961;0,918525844617911;"R";"L";"Familiar REW"
"797";11,4;0,51429634404083;0,550574945904166;0,475089251784795;"NR";"L";"Familiar non-REW"
"799";11,4;0,939682552472633;0,955128154673935;0,91892032855392;"R";"L";"Familiar REW"
"801";11,48;0,516408116182744;0,552670340381455;0,477206339742049;"NR";"L";"Familiar non-REW"
"803";11,48;0,940695942956298;0,955985111693182;0,920095873984125;"R";"L";"Familiar REW"
"805";11,56;0,517817449420743;0,554068433271279;0,478619524989679;"NR";"L";"Familiar non-REW"
"807";11,56;0,941365175517726;0,956549969578762;0,920873642463861;"R";"L";"Familiar REW"
"809";11,6;0,518524352222393;0,554769380950066;0,479328713066639;"NR";"L";"Familiar non-REW"
"811";11,6;0,941698732916347;0,956831303816019;0,921261514846938;"R";"L";"Familiar REW"
"813";11,68;0,519231255023857;0,555470303546592;0,480037918748671;"NR";"L";"Familiar non-REW"
"815";11,68;0,942030878708915;0,957111213512835;0,921648074042238;"R";"L";"Familiar REW"
"817";11,84;0,519938157825133;0,556171201038869;0,480747142024668;"NR";"L";"Familiar non-REW"
"819";11,84;0,94236161680691;0,957389703855598;0,922033322513063;"R";"L";"Familiar REW"
"821";11,88;0,520645060626222;0,556872073404785;0,481456382883452;"NR";"L";"Familiar non-REW"
"823";11,88;0,942690951116709;0,957666780019437;0,922417262721443;"R";"L";"Familiar REW"
"825";11,92;0,521351963427121;0,557572920622103;0,482165641313777;"NR";"L";"Familiar non-REW"
"827";11,92;0,943018885539578;0,957942447168225;0,922799897128141;"R";"L";"Familiar REW"
"829";12;0,522765769028349;0,558974539521354;0,483584210843695;"NR";"L";"Familiar non-REW"
"831";12;0,943670570304051;0,958489575019898;0,923561258373244;"R";"L";"Familiar REW"
"833";12,08;0,523472671828677;0,559675311158173;0,484293521920433;"NR";"L";"Familiar non-REW"
"835";12,08;0,943994328422642;0,958761045994293;0,923939990126889;"R";"L";"Familiar REW"
"837";12,12;0,524886477428754;0,561076778692449;0,485712196639767;"NR";"L";"Familiar non-REW"
"839";12,12;0,944637695536673;0,959299827634679;0,924693568175113;"R";"L";"Familiar REW"
"841";12,24;0,525593380228502;0,561777474544015;0,48642156025906;"NR";"L";"Familiar non-REW"
"843";12,24;0,94495731227843;0,959567148504761;0,92506841937747;"R";"L";"Familiar REW"
"845";12,32;0,526300283028055;0,562478145087723;0,48713094136911;"NR";"L";"Familiar non-REW"
"847";12,32;0,945275556299039;0,959833096192116;0,925441981968452;"R";"L";"Familiar REW"
"849";12,44;0,527007185827412;0,563178790300297;0,487840339958071;"NR";"L";"Familiar non-REW"
"851";12,44;0,945592431458875;0,960097675770728;0,92581425839887;"R";"L";"Familiar REW"
"853";12,56;0,527714088626573;0,563879410158333;0,488549756014023;"NR";"L";"Familiar non-REW"
"855";12,56;0,945907941613196;0,960360892303362;0,926185251118314;"R";"L";"Familiar REW"
"857";12,72;0,529834797022866;0,565981117369146;0,490678108863425;"NR";"L";"Familiar non-REW"
"859";12,72;0,946846320518922;0,9611424140849;0,927290551488448;"R";"L";"Familiar REW"
"861";12,84;0,531250143312009;0,567383465573135;0,492098866641544;"NR";"L";"Familiar non-REW"
"863";12,84;0,947465823314986;0,961657357031754;0,928021661880274;"R";"L";"Familiar REW"
"865";12,92;0,531960136569542;0,568086614509812;0,492811936098289;"NR";"L";"Familiar non-REW"
"867";12,92;0,947774562140332;0,961913797679135;0,928386234556658;"R";"L";"Familiar REW"
"869";13,2;0,532670129826868;0,568789737868524;0,49352502309083;"NR";"L";"Familiar non-REW"
"871";13,2;0,948081951102886;0,962168896827071;0,928749532125408;"R";"L";"Familiar REW"
"873";13,32;0,533380123083987;0,569492835624112;0,494238127607547;"NR";"L";"Familiar non-REW"
"875";13,32;0,948387994067154;0,962422659525563;0,929111557050604;"R";"L";"Familiar REW"
"877";13,36;0,534090116340898;0,570195907751271;0,494951249636734;"NR";"L";"Familiar non-REW"
"879";13,36;0,948692694892429;0,962675090813209;0,929472311795124;"R";"L";"Familiar REW"
"881";13,44;0,534800109597599;0,57089895422456;0,495664389166602;"NR";"L";"Familiar non-REW"
"883";13,44;0,948996057432791;0,962926195717199;0,929831798820656;"R";"L";"Familiar REW"
"885";13,56;0,535510102854089;0,571601975018393;0,496377546185276;"NR";"L";"Familiar non-REW"
"887";13,56;0,949298085537101;0,963175979253333;0,930190020587695;"R";"L";"Familiar REW"
"889";13,64;0,53764008262229;0,573710883065157;0,49851712205405;"NR";"L";"Familiar non-REW"
"891";13,64;0,950196201644124;0,963917451641738;0,93125711892506;"R";"L";"Familiar REW"
"893";13,68;0,53835007587793;0,574413800882445;0,499230348907424;"NR";"L";"Familiar non-REW"
"895";13,68;0,950492930388539;0,964161999636685;0,931610304239435;"R";"L";"Familiar REW"
"897";13,76;0,539770062388562;0,575819559061947;0,500656854886054;"NR";"L";"Familiar non-REW"
"899";13,76;0,951082445884958;0,964647211195256;0,932312918400458;"R";"L";"Familiar REW"
"901";13,88;0,541190048898326;0,577225213790911;0,502083430477305;"NR";"L";"Familiar non-REW"
"903";13,88;0,951666730815757;0,965127276438866;0,93301054028828;"R";"L";"Familiar REW"
"905";14;0,541900042152879;0,577928002294469;0,502796744346104;"NR";"L";"Familiar non-REW"
"907";14;0,951956921333563;0,965365391497549;0,933357485256802;"R";"L";"Familiar REW"
"909";14,08;0,542610035407213;0,578630764854727;0,503510075579996;"NR";"L";"Familiar non-REW"
"911";14,08;0,952245815616934;0,965602234720792;0,933703189507188;"R";"L";"Familiar REW"
"913";14,16;0,543320028661325;0,579333501444482;0,504223424166094;"NR";"L";"Familiar non-REW"
"915";14,16;0,952533417457309;0,96583781099941;0,93404765548709;"R";"L";"Familiar REW"
"917";14,32;0,544030021915214;0,580036212036379;0,504936790091411;"NR";"L";"Familiar non-REW"
"919";14,32;0,952819730640904;0,966072125212891;0,934390885643015;"R";"L";"Familiar REW"
"921";14,4;0,54474001516888;0,58073889660291;0,505650173342864;"NR";"L";"Familiar non-REW"
"923";14,4;0,953104758948704;0,966305182229405;0,934732882420324;"R";"L";"Familiar REW"
"925";14,6;0,546160001675539;0,582144187549068;0,507076991771333;"NR";"L";"Familiar non-REW"
"927";14,6;0,953670976034734;0,966767544087641;0,935413185614849;"R";"L";"Familiar REW"
"929";14,64;0,546869994928529;0,582846793872904;0,507790426921676;"NR";"L";"Familiar non-REW"
"931";14,64;0,953952172348796;0,966996858609157;0,935751496917098;"R";"L";"Familiar REW"
"933";14,72;0,547579988181291;0,583549374059791;0,508503879344804;"NR";"L";"Familiar non-REW"
"935";14,72;0,954232098858729;0,967224935293306;0,936088584610807;"R";"L";"Familiar REW"
"937";14,8;0,548999974686128;0,584954455909403;0,509930835954923;"NR";"L";"Familiar non-REW"
"939";14,8;0,954788157480335;0,967677394384875;0,93675909893024;"R";"L";"Familiar REW"
"941";14,84;0,549709967938201;0,585656957515074;0,510644340114406;"NR";"L";"Familiar non-REW"
"943";14,84;0,955064297085992;0,967901786381785;0,93709253043197;"R";"L";"Familiar REW"
"945";14,88;0,550419961190042;0,586359432869685;0,511357861491651;"NR";"L";"Familiar non-REW"
"947";14,88;0,955339181875485;0,968124959720321;0,937424748077179;"R";"L";"Familiar REW"
"949";14,96;0,550419961190042;0,586359432869685;0,511357861491651;"NR";"L";"Familiar non-REW"
"951";14,96;0,955339181875485;0,968124959720321;0,937424748077179;"R";"L";"Familiar REW"
